REGION,TECHNOLOGY,EMISSION,MODE_OF_OPERATION,YEAR,VALUE
EL53,Ag_Dimitriou_I,CO2,1,2023,0.271058562
EL53,Ag_Dimitriou_I,CO2,1,2025,0.271058562
EL53,Ag_Dimitriou_I,CO2,1,2030,0.271058562
EL53,Ag_Dimitriou_I,CO2,1,2035,0.271058562
EL53,Ag_Dimitriou_I,CO2,1,2040,0.271058562
EL53,Ag_Dimitriou_I,CO2,1,2045,0.271058562
EL53,Ag_Dimitriou_I,CO2,1,2050,0.271058562
EL53,Ag_Dimitriou_II,CO2,1,2023,0.271058562
EL53,Ag_Dimitriou_II,CO2,1,2025,0.271058562
EL53,Ag_Dimitriou_II,CO2,1,2030,0.271058562
EL53,Ag_Dimitriou_II,CO2,1,2035,0.271058562
EL53,Ag_Dimitriou_II,CO2,1,2040,0.271058562
EL53,Ag_Dimitriou_II,CO2,1,2045,0.271058562
EL53,Ag_Dimitriou_II,CO2,1,2050,0.271058562
EL53,Ag_Dimitriou_III,CO2,1,2023,0.26594425
EL53,Ag_Dimitriou_III,CO2,1,2025,0.26594425
EL53,Ag_Dimitriou_III,CO2,1,2030,0.26594425
EL53,Ag_Dimitriou_III,CO2,1,2035,0.26594425
EL53,Ag_Dimitriou_III,CO2,1,2040,0.26594425
EL53,Ag_Dimitriou_III,CO2,1,2045,0.26594425
EL53,Ag_Dimitriou_III,CO2,1,2050,0.26594425
EL53,Ag_Dimitriou_IV,CO2,1,2023,0.26594425
EL53,Ag_Dimitriou_IV,CO2,1,2025,0.26594425
EL53,Ag_Dimitriou_IV,CO2,1,2030,0.26594425
EL53,Ag_Dimitriou_IV,CO2,1,2035,0.26594425
EL53,Ag_Dimitriou_IV,CO2,1,2040,0.26594425
EL53,Ag_Dimitriou_IV,CO2,1,2045,0.26594425
EL53,Ag_Dimitriou_IV,CO2,1,2050,0.26594425
EL53,Ag_Dimitriou_V,CO2,1,2023,0.245487
EL53,Ag_Dimitriou_V,CO2,1,2025,0.245487
EL53,Ag_Dimitriou_V,CO2,1,2030,0.245487
EL53,Ag_Dimitriou_V,CO2,1,2035,0.245487
EL53,Ag_Dimitriou_V,CO2,1,2040,0.245487
EL53,Ag_Dimitriou_V,CO2,1,2045,0.245487
EL53,Ag_Dimitriou_V,CO2,1,2050,0.245487
EL64,AIS_Aliveriou,CO2,1,2023,0.095153753
EL64,AIS_Aliveriou,CO2,1,2025,0.095153753
EL64,AIS_Aliveriou,CO2,1,2030,0.095153753
EL64,AIS_Aliveriou,CO2,1,2035,0.095153753
EL64,AIS_Aliveriou,CO2,1,2040,0.095153753
EL64,AIS_Aliveriou,CO2,1,2045,0.095153753
EL64,AIS_Aliveriou,CO2,1,2050,0.095153753
EL51,AIS_Komotinis,CO2,1,2023,0.104960259
EL51,AIS_Komotinis,CO2,1,2025,0.104960259
EL51,AIS_Komotinis,CO2,1,2030,0.104960259
EL51,AIS_Komotinis,CO2,1,2035,0.104960259
EL51,AIS_Komotinis,CO2,1,2040,0.104960259
EL51,AIS_Komotinis,CO2,1,2045,0.104960259
EL51,AIS_Komotinis,CO2,1,2050,0.104960259
EL30,AIS_Lavriou_IV,CO2,1,2023,0.108790926
EL30,AIS_Lavriou_IV,CO2,1,2025,0.108790926
EL30,AIS_Lavriou_IV,CO2,1,2030,0.108790926
EL30,AIS_Lavriou_IV,CO2,1,2035,0.108790926
EL30,AIS_Lavriou_IV,CO2,1,2040,0.108790926
EL30,AIS_Lavriou_IV,CO2,1,2045,0.108790926
EL30,AIS_Lavriou_IV,CO2,1,2050,0.108790926
EL30,AIS_Lavriou_V,CO2,1,2023,0.095153753
EL30,AIS_Lavriou_V,CO2,1,2025,0.095153753
EL30,AIS_Lavriou_V,CO2,1,2030,0.095153753
EL30,AIS_Lavriou_V,CO2,1,2035,0.095153753
EL30,AIS_Lavriou_V,CO2,1,2040,0.095153753
EL30,AIS_Lavriou_V,CO2,1,2045,0.095153753
EL30,AIS_Lavriou_V,CO2,1,2050,0.095153753
EL65,AIS_Megalopoli_V,CO2,1,2023,0.0897
EL65,AIS_Megalopoli_V,CO2,1,2025,0.0897
EL65,AIS_Megalopoli_V,CO2,1,2030,0.0897
EL65,AIS_Megalopoli_V,CO2,1,2035,0.0897
EL65,AIS_Megalopoli_V,CO2,1,2040,0.0897
EL65,AIS_Megalopoli_V,CO2,1,2045,0.0897
EL65,AIS_Megalopoli_V,CO2,1,2050,0.0897
EL64,Alouminion,CO2,1,2023,0.095153753
EL64,Alouminion,CO2,1,2025,0.095153753
EL64,Alouminion,CO2,1,2030,0.095153753
EL64,Alouminion,CO2,1,2035,0.095153753
EL64,Alouminion,CO2,1,2040,0.095153753
EL64,Alouminion,CO2,1,2045,0.095153753
EL64,Alouminion,CO2,1,2050,0.095153753
Crete,Atherinolakos,CO2,1,2023,0.15717536
Crete,Atherinolakos,CO2,1,2025,0.15717536
Crete,Atherinolakos,CO2,1,2030,0.15717536
Crete,Atherinolakos,CO2,1,2035,0.15717536
Crete,Atherinolakos,CO2,1,2040,0.15717536
Crete,Atherinolakos,CO2,1,2045,0.15717536
Crete,Atherinolakos,CO2,1,2050,0.15717536
Crete,Atherinolakos_Diesel,CO2,1,2023,0.189724197
Crete,Atherinolakos_Diesel,CO2,1,2025,0.189724197
Crete,Atherinolakos_Diesel,CO2,1,2030,0.189724197
Crete,Atherinolakos_Diesel,CO2,1,2035,0.189724197
Crete,Atherinolakos_Diesel,CO2,1,2040,0.189724197
Crete,Atherinolakos_Diesel,CO2,1,2045,0.189724197
Crete,Atherinolakos_Diesel,CO2,1,2050,0.189724197
EL51,Biomass_CCS,CO2,1,2023,-0.2812
EL51,Biomass_CCS,CO2,1,2025,-0.2812
EL51,Biomass_CCS,CO2,1,2030,-0.2812
EL51,Biomass_CCS,CO2,1,2035,-0.2812
EL51,Biomass_CCS,CO2,1,2040,-0.2812
EL51,Biomass_CCS,CO2,1,2045,-0.2812
EL51,Biomass_CCS,CO2,1,2050,-0.2812
EL51,CCGT,CO2,1,2023,0.095153753
EL51,CCGT,CO2,1,2025,0.095153753
EL51,CCGT,CO2,1,2030,0.095153753
EL51,CCGT,CO2,1,2035,0.095153753
EL51,CCGT,CO2,1,2040,0.095153753
EL51,CCGT,CO2,1,2045,0.095153753
EL51,CCGT,CO2,1,2050,0.095153753
EL52,Biomass_CCS,CO2,1,2023,-0.2812
EL52,Biomass_CCS,CO2,1,2025,-0.2812
EL52,Biomass_CCS,CO2,1,2030,-0.2812
EL52,Biomass_CCS,CO2,1,2035,-0.2812
EL52,Biomass_CCS,CO2,1,2040,-0.2812
EL52,Biomass_CCS,CO2,1,2045,-0.2812
EL52,Biomass_CCS,CO2,1,2050,-0.2812
EL52,CCGT,CO2,1,2023,0.095153753
EL52,CCGT,CO2,1,2025,0.095153753
EL52,CCGT,CO2,1,2030,0.095153753
EL52,CCGT,CO2,1,2035,0.095153753
EL52,CCGT,CO2,1,2040,0.095153753
EL52,CCGT,CO2,1,2045,0.095153753
EL52,CCGT,CO2,1,2050,0.095153753
EL53,Biomass_CCS,CO2,1,2023,-0.2812
EL53,Biomass_CCS,CO2,1,2025,-0.2812
EL53,Biomass_CCS,CO2,1,2030,-0.2812
EL53,Biomass_CCS,CO2,1,2035,-0.2812
EL53,Biomass_CCS,CO2,1,2040,-0.2812
EL53,Biomass_CCS,CO2,1,2045,-0.2812
EL53,Biomass_CCS,CO2,1,2050,-0.2812
EL53,CCGT,CO2,1,2023,0.095153753
EL53,CCGT,CO2,1,2025,0.095153753
EL53,CCGT,CO2,1,2030,0.095153753
EL53,CCGT,CO2,1,2035,0.095153753
EL53,CCGT,CO2,1,2040,0.095153753
EL53,CCGT,CO2,1,2045,0.095153753
EL53,CCGT,CO2,1,2050,0.095153753
EL54,Biomass_CCS,CO2,1,2023,-0.2812
EL54,Biomass_CCS,CO2,1,2025,-0.2812
EL54,Biomass_CCS,CO2,1,2030,-0.2812
EL54,Biomass_CCS,CO2,1,2035,-0.2812
EL54,Biomass_CCS,CO2,1,2040,-0.2812
EL54,Biomass_CCS,CO2,1,2045,-0.2812
EL54,Biomass_CCS,CO2,1,2050,-0.2812
EL54,CCGT,CO2,1,2023,0.095153753
EL54,CCGT,CO2,1,2025,0.095153753
EL54,CCGT,CO2,1,2030,0.095153753
EL54,CCGT,CO2,1,2035,0.095153753
EL54,CCGT,CO2,1,2040,0.095153753
EL54,CCGT,CO2,1,2045,0.095153753
EL54,CCGT,CO2,1,2050,0.095153753
EL61,Biomass_CCS,CO2,1,2023,-0.2812
EL61,Biomass_CCS,CO2,1,2025,-0.2812
EL61,Biomass_CCS,CO2,1,2030,-0.2812
EL61,Biomass_CCS,CO2,1,2035,-0.2812
EL61,Biomass_CCS,CO2,1,2040,-0.2812
EL61,Biomass_CCS,CO2,1,2045,-0.2812
EL61,Biomass_CCS,CO2,1,2050,-0.2812
EL61,CCGT,CO2,1,2023,0.095153753
EL61,CCGT,CO2,1,2025,0.095153753
EL61,CCGT,CO2,1,2030,0.095153753
EL61,CCGT,CO2,1,2035,0.095153753
EL61,CCGT,CO2,1,2040,0.095153753
EL61,CCGT,CO2,1,2045,0.095153753
EL61,CCGT,CO2,1,2050,0.095153753
EL62,Biomass_CCS,CO2,1,2023,-0.2812
EL62,Biomass_CCS,CO2,1,2025,-0.2812
EL62,Biomass_CCS,CO2,1,2030,-0.2812
EL62,Biomass_CCS,CO2,1,2035,-0.2812
EL62,Biomass_CCS,CO2,1,2040,-0.2812
EL62,Biomass_CCS,CO2,1,2045,-0.2812
EL62,Biomass_CCS,CO2,1,2050,-0.2812
EL62,CCGT,CO2,1,2023,0.095153753
EL62,CCGT,CO2,1,2025,0.095153753
EL62,CCGT,CO2,1,2030,0.095153753
EL62,CCGT,CO2,1,2035,0.095153753
EL62,CCGT,CO2,1,2040,0.095153753
EL62,CCGT,CO2,1,2045,0.095153753
EL62,CCGT,CO2,1,2050,0.095153753
EL63,Biomass_CCS,CO2,1,2023,-0.2812
EL63,Biomass_CCS,CO2,1,2025,-0.2812
EL63,Biomass_CCS,CO2,1,2030,-0.2812
EL63,Biomass_CCS,CO2,1,2035,-0.2812
EL63,Biomass_CCS,CO2,1,2040,-0.2812
EL63,Biomass_CCS,CO2,1,2045,-0.2812
EL63,Biomass_CCS,CO2,1,2050,-0.2812
EL63,CCGT,CO2,1,2023,0.095153753
EL63,CCGT,CO2,1,2025,0.095153753
EL63,CCGT,CO2,1,2030,0.095153753
EL63,CCGT,CO2,1,2035,0.095153753
EL63,CCGT,CO2,1,2040,0.095153753
EL63,CCGT,CO2,1,2045,0.095153753
EL63,CCGT,CO2,1,2050,0.095153753
EL64,Biomass_CCS,CO2,1,2023,-0.2812
EL64,Biomass_CCS,CO2,1,2025,-0.2812
EL64,Biomass_CCS,CO2,1,2030,-0.2812
EL64,Biomass_CCS,CO2,1,2035,-0.2812
EL64,Biomass_CCS,CO2,1,2040,-0.2812
EL64,Biomass_CCS,CO2,1,2045,-0.2812
EL64,Biomass_CCS,CO2,1,2050,-0.2812
EL64,CCGT,CO2,1,2023,0.095153753
EL64,CCGT,CO2,1,2025,0.095153753
EL64,CCGT,CO2,1,2030,0.095153753
EL64,CCGT,CO2,1,2035,0.095153753
EL64,CCGT,CO2,1,2040,0.095153753
EL64,CCGT,CO2,1,2045,0.095153753
EL64,CCGT,CO2,1,2050,0.095153753
EL30,Biomass_CCS,CO2,1,2023,-0.2812
EL30,Biomass_CCS,CO2,1,2025,-0.2812
EL30,Biomass_CCS,CO2,1,2030,-0.2812
EL30,Biomass_CCS,CO2,1,2035,-0.2812
EL30,Biomass_CCS,CO2,1,2040,-0.2812
EL30,Biomass_CCS,CO2,1,2045,-0.2812
EL30,Biomass_CCS,CO2,1,2050,-0.2812
EL30,CCGT,CO2,1,2023,0.095153753
EL30,CCGT,CO2,1,2025,0.095153753
EL30,CCGT,CO2,1,2030,0.095153753
EL30,CCGT,CO2,1,2035,0.095153753
EL30,CCGT,CO2,1,2040,0.095153753
EL30,CCGT,CO2,1,2045,0.095153753
EL30,CCGT,CO2,1,2050,0.095153753
EL65,Biomass_CCS,CO2,1,2023,-0.2812
EL65,Biomass_CCS,CO2,1,2025,-0.2812
EL65,Biomass_CCS,CO2,1,2030,-0.2812
EL65,Biomass_CCS,CO2,1,2035,-0.2812
EL65,Biomass_CCS,CO2,1,2040,-0.2812
EL65,Biomass_CCS,CO2,1,2045,-0.2812
EL65,Biomass_CCS,CO2,1,2050,-0.2812
EL65,CCGT,CO2,1,2023,0.095153753
EL65,CCGT,CO2,1,2025,0.095153753
EL65,CCGT,CO2,1,2030,0.095153753
EL65,CCGT,CO2,1,2035,0.095153753
EL65,CCGT,CO2,1,2040,0.095153753
EL65,CCGT,CO2,1,2045,0.095153753
EL65,CCGT,CO2,1,2050,0.095153753
CHIOS,Chios,CO2,1,2023,0.15717536
CHIOS,Chios,CO2,1,2025,0.15717536
CHIOS,Chios,CO2,1,2030,0.15717536
CHIOS,Chios,CO2,1,2035,0.15717536
CHIOS,Chios,CO2,1,2040,0.15717536
CHIOS,Chios,CO2,1,2045,0.15717536
CHIOS,Chios,CO2,1,2050,0.15717536
EL64,ELPEDISON,CO2,1,2023,0.095153753
EL64,ELPEDISON,CO2,1,2025,0.095153753
EL64,ELPEDISON,CO2,1,2030,0.095153753
EL64,ELPEDISON,CO2,1,2035,0.095153753
EL64,ELPEDISON,CO2,1,2040,0.095153753
EL64,ELPEDISON,CO2,1,2045,0.095153753
EL64,ELPEDISON,CO2,1,2050,0.095153753
EL52,Energ_Thesalonikis,CO2,1,2023,0.095153753
EL52,Energ_Thesalonikis,CO2,1,2025,0.095153753
EL52,Energ_Thesalonikis,CO2,1,2030,0.095153753
EL52,Energ_Thesalonikis,CO2,1,2035,0.095153753
EL52,Energ_Thesalonikis,CO2,1,2040,0.095153753
EL52,Energ_Thesalonikis,CO2,1,2045,0.095153753
EL52,Energ_Thesalonikis,CO2,1,2050,0.095153753
EL51,Gas_CCS,CO2,1,2023,0.0102
EL51,Gas_CCS,CO2,1,2025,0.0102
EL51,Gas_CCS,CO2,1,2030,0.0102
EL51,Gas_CCS,CO2,1,2035,0.0102
EL51,Gas_CCS,CO2,1,2040,0.0102
EL51,Gas_CCS,CO2,1,2045,0.0102
EL51,Gas_CCS,CO2,1,2050,0.0102
EL51,Geothermal_HI,CO2,1,2023,0.138888885
EL51,Geothermal_HI,CO2,1,2025,0.138888885
EL51,Geothermal_HI,CO2,1,2030,0.138888885
EL51,Geothermal_HI,CO2,1,2035,0.138888885
EL51,Geothermal_HI,CO2,1,2040,0.138888885
EL51,Geothermal_HI,CO2,1,2045,0.138888885
EL51,Geothermal_HI,CO2,1,2050,0.138888885
EL51,Geothermal_ME,CO2,1,2023,0.138888885
EL51,Geothermal_ME,CO2,1,2025,0.138888885
EL51,Geothermal_ME,CO2,1,2030,0.138888885
EL51,Geothermal_ME,CO2,1,2035,0.138888885
EL51,Geothermal_ME,CO2,1,2040,0.138888885
EL51,Geothermal_ME,CO2,1,2045,0.138888885
EL51,Geothermal_ME,CO2,1,2050,0.138888885
EL52,Gas_CCS,CO2,1,2023,0.0102
EL52,Gas_CCS,CO2,1,2025,0.0102
EL52,Gas_CCS,CO2,1,2030,0.0102
EL52,Gas_CCS,CO2,1,2035,0.0102
EL52,Gas_CCS,CO2,1,2040,0.0102
EL52,Gas_CCS,CO2,1,2045,0.0102
EL52,Gas_CCS,CO2,1,2050,0.0102
EL52,Geothermal_HI,CO2,1,2023,0.138888885
EL52,Geothermal_HI,CO2,1,2025,0.138888885
EL52,Geothermal_HI,CO2,1,2030,0.138888885
EL52,Geothermal_HI,CO2,1,2035,0.138888885
EL52,Geothermal_HI,CO2,1,2040,0.138888885
EL52,Geothermal_HI,CO2,1,2045,0.138888885
EL52,Geothermal_HI,CO2,1,2050,0.138888885
EL52,Geothermal_ME,CO2,1,2023,0.138888885
EL52,Geothermal_ME,CO2,1,2025,0.138888885
EL52,Geothermal_ME,CO2,1,2030,0.138888885
EL52,Geothermal_ME,CO2,1,2035,0.138888885
EL52,Geothermal_ME,CO2,1,2040,0.138888885
EL52,Geothermal_ME,CO2,1,2045,0.138888885
EL52,Geothermal_ME,CO2,1,2050,0.138888885
EL53,Gas_CCS,CO2,1,2023,0.0102
EL53,Gas_CCS,CO2,1,2025,0.0102
EL53,Gas_CCS,CO2,1,2030,0.0102
EL53,Gas_CCS,CO2,1,2035,0.0102
EL53,Gas_CCS,CO2,1,2040,0.0102
EL53,Gas_CCS,CO2,1,2045,0.0102
EL53,Gas_CCS,CO2,1,2050,0.0102
EL53,Geothermal_HI,CO2,1,2023,0.138888885
EL53,Geothermal_HI,CO2,1,2025,0.138888885
EL53,Geothermal_HI,CO2,1,2030,0.138888885
EL53,Geothermal_HI,CO2,1,2035,0.138888885
EL53,Geothermal_HI,CO2,1,2040,0.138888885
EL53,Geothermal_HI,CO2,1,2045,0.138888885
EL53,Geothermal_HI,CO2,1,2050,0.138888885
EL53,Geothermal_ME,CO2,1,2023,0.138888885
EL53,Geothermal_ME,CO2,1,2025,0.138888885
EL53,Geothermal_ME,CO2,1,2030,0.138888885
EL53,Geothermal_ME,CO2,1,2035,0.138888885
EL53,Geothermal_ME,CO2,1,2040,0.138888885
EL53,Geothermal_ME,CO2,1,2045,0.138888885
EL53,Geothermal_ME,CO2,1,2050,0.138888885
EL54,Gas_CCS,CO2,1,2023,0.0102
EL54,Gas_CCS,CO2,1,2025,0.0102
EL54,Gas_CCS,CO2,1,2030,0.0102
EL54,Gas_CCS,CO2,1,2035,0.0102
EL54,Gas_CCS,CO2,1,2040,0.0102
EL54,Gas_CCS,CO2,1,2045,0.0102
EL54,Gas_CCS,CO2,1,2050,0.0102
EL54,Geothermal_HI,CO2,1,2023,0.138888885
EL54,Geothermal_HI,CO2,1,2025,0.138888885
EL54,Geothermal_HI,CO2,1,2030,0.138888885
EL54,Geothermal_HI,CO2,1,2035,0.138888885
EL54,Geothermal_HI,CO2,1,2040,0.138888885
EL54,Geothermal_HI,CO2,1,2045,0.138888885
EL54,Geothermal_HI,CO2,1,2050,0.138888885
EL54,Geothermal_ME,CO2,1,2023,0.138888885
EL54,Geothermal_ME,CO2,1,2025,0.138888885
EL54,Geothermal_ME,CO2,1,2030,0.138888885
EL54,Geothermal_ME,CO2,1,2035,0.138888885
EL54,Geothermal_ME,CO2,1,2040,0.138888885
EL54,Geothermal_ME,CO2,1,2045,0.138888885
EL54,Geothermal_ME,CO2,1,2050,0.138888885
EL61,Gas_CCS,CO2,1,2023,0.0102
EL61,Gas_CCS,CO2,1,2025,0.0102
EL61,Gas_CCS,CO2,1,2030,0.0102
EL61,Gas_CCS,CO2,1,2035,0.0102
EL61,Gas_CCS,CO2,1,2040,0.0102
EL61,Gas_CCS,CO2,1,2045,0.0102
EL61,Gas_CCS,CO2,1,2050,0.0102
EL61,Geothermal_HI,CO2,1,2023,0.138888885
EL61,Geothermal_HI,CO2,1,2025,0.138888885
EL61,Geothermal_HI,CO2,1,2030,0.138888885
EL61,Geothermal_HI,CO2,1,2035,0.138888885
EL61,Geothermal_HI,CO2,1,2040,0.138888885
EL61,Geothermal_HI,CO2,1,2045,0.138888885
EL61,Geothermal_HI,CO2,1,2050,0.138888885
EL61,Geothermal_ME,CO2,1,2023,0.138888885
EL61,Geothermal_ME,CO2,1,2025,0.138888885
EL61,Geothermal_ME,CO2,1,2030,0.138888885
EL61,Geothermal_ME,CO2,1,2035,0.138888885
EL61,Geothermal_ME,CO2,1,2040,0.138888885
EL61,Geothermal_ME,CO2,1,2045,0.138888885
EL61,Geothermal_ME,CO2,1,2050,0.138888885
EL62,Gas_CCS,CO2,1,2023,0.0102
EL62,Gas_CCS,CO2,1,2025,0.0102
EL62,Gas_CCS,CO2,1,2030,0.0102
EL62,Gas_CCS,CO2,1,2035,0.0102
EL62,Gas_CCS,CO2,1,2040,0.0102
EL62,Gas_CCS,CO2,1,2045,0.0102
EL62,Gas_CCS,CO2,1,2050,0.0102
EL62,Geothermal_HI,CO2,1,2023,0.138888885
EL62,Geothermal_HI,CO2,1,2025,0.138888885
EL62,Geothermal_HI,CO2,1,2030,0.138888885
EL62,Geothermal_HI,CO2,1,2035,0.138888885
EL62,Geothermal_HI,CO2,1,2040,0.138888885
EL62,Geothermal_HI,CO2,1,2045,0.138888885
EL62,Geothermal_HI,CO2,1,2050,0.138888885
EL62,Geothermal_ME,CO2,1,2023,0.138888885
EL62,Geothermal_ME,CO2,1,2025,0.138888885
EL62,Geothermal_ME,CO2,1,2030,0.138888885
EL62,Geothermal_ME,CO2,1,2035,0.138888885
EL62,Geothermal_ME,CO2,1,2040,0.138888885
EL62,Geothermal_ME,CO2,1,2045,0.138888885
EL62,Geothermal_ME,CO2,1,2050,0.138888885
EL63,Gas_CCS,CO2,1,2023,0.0102
EL63,Gas_CCS,CO2,1,2025,0.0102
EL63,Gas_CCS,CO2,1,2030,0.0102
EL63,Gas_CCS,CO2,1,2035,0.0102
EL63,Gas_CCS,CO2,1,2040,0.0102
EL63,Gas_CCS,CO2,1,2045,0.0102
EL63,Gas_CCS,CO2,1,2050,0.0102
EL63,Geothermal_HI,CO2,1,2023,0.138888885
EL63,Geothermal_HI,CO2,1,2025,0.138888885
EL63,Geothermal_HI,CO2,1,2030,0.138888885
EL63,Geothermal_HI,CO2,1,2035,0.138888885
EL63,Geothermal_HI,CO2,1,2040,0.138888885
EL63,Geothermal_HI,CO2,1,2045,0.138888885
EL63,Geothermal_HI,CO2,1,2050,0.138888885
EL63,Geothermal_ME,CO2,1,2023,0.138888885
EL63,Geothermal_ME,CO2,1,2025,0.138888885
EL63,Geothermal_ME,CO2,1,2030,0.138888885
EL63,Geothermal_ME,CO2,1,2035,0.138888885
EL63,Geothermal_ME,CO2,1,2040,0.138888885
EL63,Geothermal_ME,CO2,1,2045,0.138888885
EL63,Geothermal_ME,CO2,1,2050,0.138888885
EL64,Gas_CCS,CO2,1,2023,0.0102
EL64,Gas_CCS,CO2,1,2025,0.0102
EL64,Gas_CCS,CO2,1,2030,0.0102
EL64,Gas_CCS,CO2,1,2035,0.0102
EL64,Gas_CCS,CO2,1,2040,0.0102
EL64,Gas_CCS,CO2,1,2045,0.0102
EL64,Gas_CCS,CO2,1,2050,0.0102
EL64,Geothermal_HI,CO2,1,2023,0.138888885
EL64,Geothermal_HI,CO2,1,2025,0.138888885
EL64,Geothermal_HI,CO2,1,2030,0.138888885
EL64,Geothermal_HI,CO2,1,2035,0.138888885
EL64,Geothermal_HI,CO2,1,2040,0.138888885
EL64,Geothermal_HI,CO2,1,2045,0.138888885
EL64,Geothermal_HI,CO2,1,2050,0.138888885
EL64,Geothermal_ME,CO2,1,2023,0.138888885
EL64,Geothermal_ME,CO2,1,2025,0.138888885
EL64,Geothermal_ME,CO2,1,2030,0.138888885
EL64,Geothermal_ME,CO2,1,2035,0.138888885
EL64,Geothermal_ME,CO2,1,2040,0.138888885
EL64,Geothermal_ME,CO2,1,2045,0.138888885
EL64,Geothermal_ME,CO2,1,2050,0.138888885
EL30,Gas_CCS,CO2,1,2023,0.0102
EL30,Gas_CCS,CO2,1,2025,0.0102
EL30,Gas_CCS,CO2,1,2030,0.0102
EL30,Gas_CCS,CO2,1,2035,0.0102
EL30,Gas_CCS,CO2,1,2040,0.0102
EL30,Gas_CCS,CO2,1,2045,0.0102
EL30,Gas_CCS,CO2,1,2050,0.0102
EL30,Geothermal_HI,CO2,1,2023,0.138888885
EL30,Geothermal_HI,CO2,1,2025,0.138888885
EL30,Geothermal_HI,CO2,1,2030,0.138888885
EL30,Geothermal_HI,CO2,1,2035,0.138888885
EL30,Geothermal_HI,CO2,1,2040,0.138888885
EL30,Geothermal_HI,CO2,1,2045,0.138888885
EL30,Geothermal_HI,CO2,1,2050,0.138888885
EL30,Geothermal_ME,CO2,1,2023,0.138888885
EL30,Geothermal_ME,CO2,1,2025,0.138888885
EL30,Geothermal_ME,CO2,1,2030,0.138888885
EL30,Geothermal_ME,CO2,1,2035,0.138888885
EL30,Geothermal_ME,CO2,1,2040,0.138888885
EL30,Geothermal_ME,CO2,1,2045,0.138888885
EL30,Geothermal_ME,CO2,1,2050,0.138888885
EL65,Gas_CCS,CO2,1,2023,0.0102
EL65,Gas_CCS,CO2,1,2025,0.0102
EL65,Gas_CCS,CO2,1,2030,0.0102
EL65,Gas_CCS,CO2,1,2035,0.0102
EL65,Gas_CCS,CO2,1,2040,0.0102
EL65,Gas_CCS,CO2,1,2045,0.0102
EL65,Gas_CCS,CO2,1,2050,0.0102
EL65,Geothermal_HI,CO2,1,2023,0.138888885
EL65,Geothermal_HI,CO2,1,2025,0.138888885
EL65,Geothermal_HI,CO2,1,2030,0.138888885
EL65,Geothermal_HI,CO2,1,2035,0.138888885
EL65,Geothermal_HI,CO2,1,2040,0.138888885
EL65,Geothermal_HI,CO2,1,2045,0.138888885
EL65,Geothermal_HI,CO2,1,2050,0.138888885
EL65,Geothermal_ME,CO2,1,2023,0.138888885
EL65,Geothermal_ME,CO2,1,2025,0.138888885
EL65,Geothermal_ME,CO2,1,2030,0.138888885
EL65,Geothermal_ME,CO2,1,2035,0.138888885
EL65,Geothermal_ME,CO2,1,2040,0.138888885
EL65,Geothermal_ME,CO2,1,2045,0.138888885
EL65,Geothermal_ME,CO2,1,2050,0.138888885
EL64,Iron_I,CO2,1,2023,0.139575554
EL64,Iron_I,CO2,1,2025,0.139575554
EL64,Iron_I,CO2,1,2030,0.139575554
EL64,Iron_I,CO2,1,2035,0.139575554
EL64,Iron_I,CO2,1,2040,0.139575554
EL64,Iron_I,CO2,1,2045,0.139575554
EL64,Iron_I,CO2,1,2050,0.139575554
EL64,Iron_II,CO2,1,2023,0.139575554
EL64,Iron_II,CO2,1,2025,0.139575554
EL64,Iron_II,CO2,1,2030,0.139575554
EL64,Iron_II,CO2,1,2035,0.139575554
EL64,Iron_II,CO2,1,2040,0.139575554
EL64,Iron_II,CO2,1,2045,0.139575554
EL64,Iron_II,CO2,1,2050,0.139575554
EL64,Iron_III,CO2,1,2023,0.139575554
EL64,Iron_III,CO2,1,2025,0.139575554
EL64,Iron_III,CO2,1,2030,0.139575554
EL64,Iron_III,CO2,1,2035,0.139575554
EL64,Iron_III,CO2,1,2040,0.139575554
EL64,Iron_III,CO2,1,2045,0.139575554
EL64,Iron_III,CO2,1,2050,0.139575554
EL64,IronII_CCGT,CO2,1,2023,0.0895
EL64,IronII_CCGT,CO2,1,2025,0.0895
EL64,IronII_CCGT,CO2,1,2030,0.0895
EL64,IronII_CCGT,CO2,1,2035,0.0895
EL64,IronII_CCGT,CO2,1,2040,0.0895
EL64,IronII_CCGT,CO2,1,2045,0.0895
EL64,IronII_CCGT,CO2,1,2050,0.0895
KARPATHOS,Karpathos,CO2,1,2023,0.192411146
KARPATHOS,Karpathos,CO2,1,2025,0.192411146
KARPATHOS,Karpathos,CO2,1,2030,0.192411146
KARPATHOS,Karpathos,CO2,1,2035,0.192411146
KARPATHOS,Karpathos,CO2,1,2040,0.192411146
KARPATHOS,Karpathos,CO2,1,2045,0.192411146
KARPATHOS,Karpathos,CO2,1,2050,0.192411146
EL65,KORINTHOS_POWER,CO2,1,2023,0.095153753
EL65,KORINTHOS_POWER,CO2,1,2025,0.095153753
EL65,KORINTHOS_POWER,CO2,1,2030,0.095153753
EL65,KORINTHOS_POWER,CO2,1,2035,0.095153753
EL65,KORINTHOS_POWER,CO2,1,2040,0.095153753
EL65,KORINTHOS_POWER,CO2,1,2045,0.095153753
EL65,KORINTHOS_POWER,CO2,1,2050,0.095153753
KOS,Kos_Kalymnos,CO2,1,2023,0.15717536
KOS,Kos_Kalymnos,CO2,1,2025,0.15717536
KOS,Kos_Kalymnos,CO2,1,2030,0.15717536
KOS,Kos_Kalymnos,CO2,1,2035,0.15717536
KOS,Kos_Kalymnos,CO2,1,2040,0.15717536
KOS,Kos_Kalymnos,CO2,1,2045,0.15717536
KOS,Kos_Kalymnos,CO2,1,2050,0.15717536
LEMNOS,Lemnos,CO2,1,2023,0.192411146
LEMNOS,Lemnos,CO2,1,2025,0.192411146
LEMNOS,Lemnos,CO2,1,2030,0.192411146
LEMNOS,Lemnos,CO2,1,2035,0.192411146
LEMNOS,Lemnos,CO2,1,2040,0.192411146
LEMNOS,Lemnos,CO2,1,2045,0.192411146
LEMNOS,Lemnos,CO2,1,2050,0.192411146
LESVOS,Lesvos,CO2,1,2023,0.15717536
LESVOS,Lesvos,CO2,1,2025,0.15717536
LESVOS,Lesvos,CO2,1,2030,0.15717536
LESVOS,Lesvos,CO2,1,2035,0.15717536
LESVOS,Lesvos,CO2,1,2040,0.15717536
LESVOS,Lesvos,CO2,1,2045,0.15717536
LESVOS,Lesvos,CO2,1,2050,0.15717536
Crete,Linoperamata,CO2,1,2023,0.15717536
Crete,Linoperamata,CO2,1,2025,0.15717536
Crete,Linoperamata,CO2,1,2030,0.15717536
Crete,Linoperamata,CO2,1,2035,0.15717536
Crete,Linoperamata,CO2,1,2040,0.15717536
Crete,Linoperamata,CO2,1,2045,0.15717536
Crete,Linoperamata,CO2,1,2050,0.15717536
EL65,Megalopolis_III,CO2,1,2023,0.276172875
EL65,Megalopolis_III,CO2,1,2025,0.276172875
EL65,Megalopolis_III,CO2,1,2030,0.276172875
EL65,Megalopolis_III,CO2,1,2035,0.276172875
EL65,Megalopolis_III,CO2,1,2040,0.276172875
EL65,Megalopolis_III,CO2,1,2045,0.276172875
EL65,Megalopolis_III,CO2,1,2050,0.276172875
EL65,Megalopolis_IV,CO2,1,2023,0.278730031
EL65,Megalopolis_IV,CO2,1,2025,0.278730031
EL65,Megalopolis_IV,CO2,1,2030,0.278730031
EL65,Megalopolis_IV,CO2,1,2035,0.278730031
EL65,Megalopolis_IV,CO2,1,2040,0.278730031
EL65,Megalopolis_IV,CO2,1,2045,0.278730031
EL65,Megalopolis_IV,CO2,1,2050,0.278730031
EL53,Melitis_I,CO2,1,2023,0.227586906
EL53,Melitis_I,CO2,1,2025,0.227586906
EL53,Melitis_I,CO2,1,2030,0.227586906
EL53,Melitis_I,CO2,1,2035,0.227586906
EL53,Melitis_I,CO2,1,2040,0.227586906
EL53,Melitis_I,CO2,1,2045,0.227586906
EL53,Melitis_I,CO2,1,2050,0.227586906
EL51,OCGT,CO2,1,2023,0.139575554
EL51,OCGT,CO2,1,2025,0.139575554
EL51,OCGT,CO2,1,2030,0.139575554
EL51,OCGT,CO2,1,2035,0.139575554
EL51,OCGT,CO2,1,2040,0.139575554
EL51,OCGT,CO2,1,2045,0.139575554
EL51,OCGT,CO2,1,2050,0.139575554
EL52,OCGT,CO2,1,2023,0.139575554
EL52,OCGT,CO2,1,2025,0.139575554
EL52,OCGT,CO2,1,2030,0.139575554
EL52,OCGT,CO2,1,2035,0.139575554
EL52,OCGT,CO2,1,2040,0.139575554
EL52,OCGT,CO2,1,2045,0.139575554
EL52,OCGT,CO2,1,2050,0.139575554
EL53,OCGT,CO2,1,2023,0.139575554
EL53,OCGT,CO2,1,2025,0.139575554
EL53,OCGT,CO2,1,2030,0.139575554
EL53,OCGT,CO2,1,2035,0.139575554
EL53,OCGT,CO2,1,2040,0.139575554
EL53,OCGT,CO2,1,2045,0.139575554
EL53,OCGT,CO2,1,2050,0.139575554
EL54,OCGT,CO2,1,2023,0.139575554
EL54,OCGT,CO2,1,2025,0.139575554
EL54,OCGT,CO2,1,2030,0.139575554
EL54,OCGT,CO2,1,2035,0.139575554
EL54,OCGT,CO2,1,2040,0.139575554
EL54,OCGT,CO2,1,2045,0.139575554
EL54,OCGT,CO2,1,2050,0.139575554
EL61,OCGT,CO2,1,2023,0.139575554
EL61,OCGT,CO2,1,2025,0.139575554
EL61,OCGT,CO2,1,2030,0.139575554
EL61,OCGT,CO2,1,2035,0.139575554
EL61,OCGT,CO2,1,2040,0.139575554
EL61,OCGT,CO2,1,2045,0.139575554
EL61,OCGT,CO2,1,2050,0.139575554
EL62,OCGT,CO2,1,2023,0.139575554
EL62,OCGT,CO2,1,2025,0.139575554
EL62,OCGT,CO2,1,2030,0.139575554
EL62,OCGT,CO2,1,2035,0.139575554
EL62,OCGT,CO2,1,2040,0.139575554
EL62,OCGT,CO2,1,2045,0.139575554
EL62,OCGT,CO2,1,2050,0.139575554
EL63,OCGT,CO2,1,2023,0.139575554
EL63,OCGT,CO2,1,2025,0.139575554
EL63,OCGT,CO2,1,2030,0.139575554
EL63,OCGT,CO2,1,2035,0.139575554
EL63,OCGT,CO2,1,2040,0.139575554
EL63,OCGT,CO2,1,2045,0.139575554
EL63,OCGT,CO2,1,2050,0.139575554
EL64,OCGT,CO2,1,2023,0.139575554
EL64,OCGT,CO2,1,2025,0.139575554
EL64,OCGT,CO2,1,2030,0.139575554
EL64,OCGT,CO2,1,2035,0.139575554
EL64,OCGT,CO2,1,2040,0.139575554
EL64,OCGT,CO2,1,2045,0.139575554
EL64,OCGT,CO2,1,2050,0.139575554
EL30,OCGT,CO2,1,2023,0.139575554
EL30,OCGT,CO2,1,2025,0.139575554
EL30,OCGT,CO2,1,2030,0.139575554
EL30,OCGT,CO2,1,2035,0.139575554
EL30,OCGT,CO2,1,2040,0.139575554
EL30,OCGT,CO2,1,2045,0.139575554
EL30,OCGT,CO2,1,2050,0.139575554
EL65,OCGT,CO2,1,2023,0.139575554
EL65,OCGT,CO2,1,2025,0.139575554
EL65,OCGT,CO2,1,2030,0.139575554
EL65,OCGT,CO2,1,2035,0.139575554
EL65,OCGT,CO2,1,2040,0.139575554
EL65,OCGT,CO2,1,2045,0.139575554
EL65,OCGT,CO2,1,2050,0.139575554
SKYROS,Skyros,CO2,1,2023,0.192411146
SKYROS,Skyros,CO2,1,2025,0.192411146
SKYROS,Skyros,CO2,1,2030,0.192411146
SKYROS,Skyros,CO2,1,2035,0.192411146
SKYROS,Skyros,CO2,1,2040,0.192411146
SKYROS,Skyros,CO2,1,2045,0.192411146
SKYROS,Skyros,CO2,1,2050,0.192411146
SERIFOS,Serifos,CO2,1,2023,0.192411146
SERIFOS,Serifos,CO2,1,2025,0.192411146
SERIFOS,Serifos,CO2,1,2030,0.192411146
SERIFOS,Serifos,CO2,1,2035,0.192411146
SERIFOS,Serifos,CO2,1,2040,0.192411146
SERIFOS,Serifos,CO2,1,2045,0.192411146
SERIFOS,Serifos,CO2,1,2050,0.192411146
EL64,PROTERGIA_CC,CO2,1,2023,0.095153753
EL64,PROTERGIA_CC,CO2,1,2025,0.095153753
EL64,PROTERGIA_CC,CO2,1,2030,0.095153753
EL64,PROTERGIA_CC,CO2,1,2035,0.095153753
EL64,PROTERGIA_CC,CO2,1,2040,0.095153753
EL64,PROTERGIA_CC,CO2,1,2045,0.095153753
EL64,PROTERGIA_CC,CO2,1,2050,0.095153753
EL53,Ptolemaidas_V,CO2,1,2023,0.221705447
EL53,Ptolemaidas_V,CO2,1,2025,0.221705447
EL53,Ptolemaidas_V,CO2,1,2030,0.221705447
EL53,Ptolemaidas_V,CO2,1,2035,0.221705447
EL53,Ptolemaidas_V,CO2,1,2040,0.221705447
EL53,Ptolemaidas_V,CO2,1,2045,0.221705447
EL53,Ptolemaidas_V,CO2,1,2050,0.221705447
RODOS,Rodos,CO2,1,2023,0.15717536
RODOS,Rodos,CO2,1,2025,0.15717536
RODOS,Rodos,CO2,1,2030,0.15717536
RODOS,Rodos,CO2,1,2035,0.15717536
RODOS,Rodos,CO2,1,2040,0.15717536
RODOS,Rodos,CO2,1,2045,0.15717536
RODOS,Rodos,CO2,1,2050,0.15717536
SAMOS,Samos,CO2,1,2023,0.192411146
SAMOS,Samos,CO2,1,2025,0.192411146
SAMOS,Samos,CO2,1,2030,0.192411146
SAMOS,Samos,CO2,1,2035,0.192411146
SAMOS,Samos,CO2,1,2040,0.192411146
SAMOS,Samos,CO2,1,2045,0.192411146
SAMOS,Samos,CO2,1,2050,0.192411146
THIRA,Thira,CO2,1,2023,0.15717536
THIRA,Thira,CO2,1,2025,0.15717536
THIRA,Thira,CO2,1,2030,0.15717536
THIRA,Thira,CO2,1,2035,0.15717536
THIRA,Thira,CO2,1,2040,0.15717536
THIRA,Thira,CO2,1,2045,0.15717536
THIRA,Thira,CO2,1,2050,0.15717536
EL64,THIS_Ag.Nikolaos,CO2,1,2023,0.0796
EL64,THIS_Ag.Nikolaos,CO2,1,2025,0.0796
EL64,THIS_Ag.Nikolaos,CO2,1,2030,0.0796
EL64,THIS_Ag.Nikolaos,CO2,1,2035,0.0796
EL64,THIS_Ag.Nikolaos,CO2,1,2040,0.0796
EL64,THIS_Ag.Nikolaos,CO2,1,2045,0.0796
EL64,THIS_Ag.Nikolaos,CO2,1,2050,0.0796
Crete,Xilokamara,CO2,1,2023,0.154980465
Crete,Xilokamara,CO2,1,2025,0.154980465
Crete,Xilokamara,CO2,1,2030,0.154980465
Crete,Xilokamara,CO2,1,2035,0.154980465
Crete,Xilokamara,CO2,1,2040,0.154980465
Crete,Xilokamara,CO2,1,2045,0.154980465
Crete,Xilokamara,CO2,1,2050,0.154980465
