REGION,TECHNOLOGY,YEAR,VALUE
EL53,Ag_Dimitriou_I,2023,42.36611974
EL53,Ag_Dimitriou_I,2025,42.36611974
EL53,Ag_Dimitriou_I,2030,42.36611974
EL53,Ag_Dimitriou_I,2035,42.36611974
EL53,Ag_Dimitriou_I,2040,42.36611974
EL53,Ag_Dimitriou_I,2045,42.36611974
EL53,Ag_Dimitriou_I,2050,42.36611974
EL53,Ag_Dimitriou_II,2023,42.59028809
EL53,Ag_Dimitriou_II,2025,42.59028809
EL53,Ag_Dimitriou_II,2030,42.59028809
EL53,Ag_Dimitriou_II,2035,42.59028809
EL53,Ag_Dimitriou_II,2040,42.59028809
EL53,Ag_Dimitriou_II,2045,42.59028809
EL53,Ag_Dimitriou_II,2050,42.59028809
EL53,Ag_Dimitriou_III,2023,47.31844222
EL53,Ag_Dimitriou_III,2025,47.31844222
EL53,Ag_Dimitriou_III,2030,47.31844222
EL53,Ag_Dimitriou_III,2035,47.31844222
EL53,Ag_Dimitriou_III,2040,47.31844222
EL53,Ag_Dimitriou_III,2045,47.31844222
EL53,Ag_Dimitriou_III,2050,47.31844222
EL53,Ag_Dimitriou_IV,2023,42.51038644
EL53,Ag_Dimitriou_IV,2025,42.51038644
EL53,Ag_Dimitriou_IV,2030,42.51038644
EL53,Ag_Dimitriou_IV,2035,42.51038644
EL53,Ag_Dimitriou_IV,2040,42.51038644
EL53,Ag_Dimitriou_IV,2045,42.51038644
EL53,Ag_Dimitriou_IV,2050,42.51038644
EL53,Ag_Dimitriou_V,2023,42.2156215
EL53,Ag_Dimitriou_V,2025,42.2156215
EL53,Ag_Dimitriou_V,2030,42.2156215
EL53,Ag_Dimitriou_V,2035,42.2156215
EL53,Ag_Dimitriou_V,2040,42.2156215
EL53,Ag_Dimitriou_V,2045,42.2156215
EL53,Ag_Dimitriou_V,2050,42.2156215
EL52,Agra,2023,60
EL52,Agra,2025,60
EL52,Agra,2030,60
EL52,Agra,2035,60
EL52,Agra,2040,60
EL52,Agra,2045,60
EL52,Agra,2050,60
EL64,AIS_Aliveriou,2023,27.51716414
EL64,AIS_Aliveriou,2025,27.51716414
EL64,AIS_Aliveriou,2030,27.51716414
EL64,AIS_Aliveriou,2035,27.51716414
EL64,AIS_Aliveriou,2040,27.51716414
EL64,AIS_Aliveriou,2045,27.51716414
EL64,AIS_Aliveriou,2050,27.51716414
EL51,AIS_Komotinis,2023,27.44428507
EL51,AIS_Komotinis,2025,27.44428507
EL51,AIS_Komotinis,2030,27.44428507
EL51,AIS_Komotinis,2035,27.44428507
EL51,AIS_Komotinis,2040,27.44428507
EL51,AIS_Komotinis,2045,27.44428507
EL51,AIS_Komotinis,2050,27.44428507
EL30,AIS_Lavriou_IV,2023,27.4298696
EL30,AIS_Lavriou_IV,2025,27.4298696
EL30,AIS_Lavriou_IV,2030,27.4298696
EL30,AIS_Lavriou_IV,2035,27.4298696
EL30,AIS_Lavriou_IV,2040,27.4298696
EL30,AIS_Lavriou_IV,2045,27.4298696
EL30,AIS_Lavriou_IV,2050,27.4298696
EL30,AIS_Lavriou_V,2023,27.35031735
EL30,AIS_Lavriou_V,2025,27.35031735
EL30,AIS_Lavriou_V,2030,27.35031735
EL30,AIS_Lavriou_V,2035,27.35031735
EL30,AIS_Lavriou_V,2040,27.35031735
EL30,AIS_Lavriou_V,2045,27.35031735
EL30,AIS_Lavriou_V,2050,27.35031735
EL65,AIS_Megalopoli_V,2023,25
EL65,AIS_Megalopoli_V,2025,25
EL65,AIS_Megalopoli_V,2030,25
EL65,AIS_Megalopoli_V,2035,25
EL65,AIS_Megalopoli_V,2040,25
EL65,AIS_Megalopoli_V,2045,25
EL65,AIS_Megalopoli_V,2050,25
EL64,Alouminion,2023,28.71563384
EL64,Alouminion,2025,28.71563384
EL64,Alouminion,2030,28.71563384
EL64,Alouminion,2035,28.71563384
EL64,Alouminion,2040,28.71563384
EL64,Alouminion,2045,28.71563384
EL64,Alouminion,2050,28.71563384
EL52,Asomaton,2023,60
EL52,Asomaton,2025,60
EL52,Asomaton,2030,60
EL52,Asomaton,2035,60
EL52,Asomaton,2040,60
EL52,Asomaton,2045,60
EL52,Asomaton,2050,60
Crete,Atherinolakos,2023,36.8
Crete,Atherinolakos,2025,36.8
Crete,Atherinolakos,2030,36.8
Crete,Atherinolakos,2035,36.8
Crete,Atherinolakos,2040,36.8
Crete,Atherinolakos,2045,36.8
Crete,Atherinolakos,2050,36.8
Crete,Atherinolakos_Diesel,2023,17.06
Crete,Atherinolakos_Diesel,2025,17.06
Crete,Atherinolakos_Diesel,2030,17.06
Crete,Atherinolakos_Diesel,2035,17.06
Crete,Atherinolakos_Diesel,2040,17.06
Crete,Atherinolakos_Diesel,2045,17.06
Crete,Atherinolakos_Diesel,2050,17.06
EL51,Thisavros,2023,21.43617021
EL51,Thisavros,2025,21.43617021
EL51,Thisavros,2030,21.43617021
EL51,Thisavros,2035,21.43617021
EL51,Thisavros,2040,21.43617021
EL51,Thisavros,2045,21.43617021
EL51,Thisavros,2050,21.43617021
EL52,Sfikia,2023,21.43617021
EL52,Sfikia,2025,21.43617021
EL52,Sfikia,2030,21.43617021
EL52,Sfikia,2035,21.43617021
EL52,Sfikia,2040,21.43617021
EL52,Sfikia,2045,21.43617021
EL52,Sfikia,2050,21.43617021
EL51,Batteries_New,2023,47.674
EL51,Batteries_New,2025,38.77678245
EL51,Batteries_New,2030,32.50381849
EL51,Batteries_New,2035,29.99742405
EL51,Batteries_New,2040,27.4914878
EL51,Batteries_New,2045,24.9861155
EL51,Batteries_New,2050,22.48144811
EL51,Biomass,2023,84.375
EL51,Biomass,2025,83.125
EL51,Biomass,2030,80
EL51,Biomass,2035,80
EL51,Biomass,2040,80
EL51,Biomass,2045,80
EL51,Biomass,2050,80
EL51,Biomass_CCS,2023,201.875
EL51,Biomass_CCS,2025,195.625
EL51,Biomass_CCS,2030,180
EL51,Biomass_CCS,2035,171.25
EL51,Biomass_CCS,2040,162.5
EL51,Biomass_CCS,2045,153.75
EL51,Biomass_CCS,2050,145
EL51,Biomass_Ex,2023,84.375
EL51,Biomass_Ex,2025,83.125
EL51,Biomass_Ex,2030,80
EL51,Biomass_Ex,2035,80
EL51,Biomass_Ex,2040,80
EL51,Biomass_Ex,2045,80
EL51,Biomass_Ex,2050,80
EL51,CCGT,2023,25
EL51,CCGT,2025,25
EL51,CCGT,2030,25
EL51,CCGT,2035,25
EL51,CCGT,2040,25
EL51,CCGT,2045,25
EL51,CCGT,2050,25
EL52,Batteries_New,2023,47.674
EL52,Batteries_New,2025,38.77678245
EL52,Batteries_New,2030,32.50381849
EL52,Batteries_New,2035,29.99742405
EL52,Batteries_New,2040,27.4914878
EL52,Batteries_New,2045,24.9861155
EL52,Batteries_New,2050,22.48144811
EL52,Biomass,2023,84.375
EL52,Biomass,2025,83.125
EL52,Biomass,2030,80
EL52,Biomass,2035,80
EL52,Biomass,2040,80
EL52,Biomass,2045,80
EL52,Biomass,2050,80
EL52,Biomass_CCS,2023,201.875
EL52,Biomass_CCS,2025,195.625
EL52,Biomass_CCS,2030,180
EL52,Biomass_CCS,2035,171.25
EL52,Biomass_CCS,2040,162.5
EL52,Biomass_CCS,2045,153.75
EL52,Biomass_CCS,2050,145
EL52,Biomass_Ex,2023,84.375
EL52,Biomass_Ex,2025,83.125
EL52,Biomass_Ex,2030,80
EL52,Biomass_Ex,2035,80
EL52,Biomass_Ex,2040,80
EL52,Biomass_Ex,2045,80
EL52,Biomass_Ex,2050,80
EL52,CCGT,2023,25
EL52,CCGT,2025,25
EL52,CCGT,2030,25
EL52,CCGT,2035,25
EL52,CCGT,2040,25
EL52,CCGT,2045,25
EL52,CCGT,2050,25
EL53,Batteries_New,2023,47.674
EL53,Batteries_New,2025,38.77678245
EL53,Batteries_New,2030,32.50381849
EL53,Batteries_New,2035,29.99742405
EL53,Batteries_New,2040,27.4914878
EL53,Batteries_New,2045,24.9861155
EL53,Batteries_New,2050,22.48144811
EL53,Biomass,2023,84.375
EL53,Biomass,2025,83.125
EL53,Biomass,2030,80
EL53,Biomass,2035,80
EL53,Biomass,2040,80
EL53,Biomass,2045,80
EL53,Biomass,2050,80
EL53,Biomass_CCS,2023,201.875
EL53,Biomass_CCS,2025,195.625
EL53,Biomass_CCS,2030,180
EL53,Biomass_CCS,2035,171.25
EL53,Biomass_CCS,2040,162.5
EL53,Biomass_CCS,2045,153.75
EL53,Biomass_CCS,2050,145
EL53,Biomass_Ex,2023,84.375
EL53,Biomass_Ex,2025,83.125
EL53,Biomass_Ex,2030,80
EL53,Biomass_Ex,2035,80
EL53,Biomass_Ex,2040,80
EL53,Biomass_Ex,2045,80
EL53,Biomass_Ex,2050,80
EL53,CCGT,2023,25
EL53,CCGT,2025,25
EL53,CCGT,2030,25
EL53,CCGT,2035,25
EL53,CCGT,2040,25
EL53,CCGT,2045,25
EL53,CCGT,2050,25
EL54,Batteries_New,2023,47.674
EL54,Batteries_New,2025,38.77678245
EL54,Batteries_New,2030,32.50381849
EL54,Batteries_New,2035,29.99742405
EL54,Batteries_New,2040,27.4914878
EL54,Batteries_New,2045,24.9861155
EL54,Batteries_New,2050,22.48144811
EL54,Biomass,2023,84.375
EL54,Biomass,2025,83.125
EL54,Biomass,2030,80
EL54,Biomass,2035,80
EL54,Biomass,2040,80
EL54,Biomass,2045,80
EL54,Biomass,2050,80
EL54,Biomass_CCS,2023,201.875
EL54,Biomass_CCS,2025,195.625
EL54,Biomass_CCS,2030,180
EL54,Biomass_CCS,2035,171.25
EL54,Biomass_CCS,2040,162.5
EL54,Biomass_CCS,2045,153.75
EL54,Biomass_CCS,2050,145
EL54,Biomass_Ex,2023,84.375
EL54,Biomass_Ex,2025,83.125
EL54,Biomass_Ex,2030,80
EL54,Biomass_Ex,2035,80
EL54,Biomass_Ex,2040,80
EL54,Biomass_Ex,2045,80
EL54,Biomass_Ex,2050,80
EL54,CCGT,2023,25
EL54,CCGT,2025,25
EL54,CCGT,2030,25
EL54,CCGT,2035,25
EL54,CCGT,2040,25
EL54,CCGT,2045,25
EL54,CCGT,2050,25
EL61,Batteries_New,2023,47.674
EL61,Batteries_New,2025,38.77678245
EL61,Batteries_New,2030,32.50381849
EL61,Batteries_New,2035,29.99742405
EL61,Batteries_New,2040,27.4914878
EL61,Batteries_New,2045,24.9861155
EL61,Batteries_New,2050,22.48144811
EL61,Biomass,2023,84.375
EL61,Biomass,2025,83.125
EL61,Biomass,2030,80
EL61,Biomass,2035,80
EL61,Biomass,2040,80
EL61,Biomass,2045,80
EL61,Biomass,2050,80
EL61,Biomass_CCS,2023,201.875
EL61,Biomass_CCS,2025,195.625
EL61,Biomass_CCS,2030,180
EL61,Biomass_CCS,2035,171.25
EL61,Biomass_CCS,2040,162.5
EL61,Biomass_CCS,2045,153.75
EL61,Biomass_CCS,2050,145
EL61,Biomass_Ex,2023,84.375
EL61,Biomass_Ex,2025,83.125
EL61,Biomass_Ex,2030,80
EL61,Biomass_Ex,2035,80
EL61,Biomass_Ex,2040,80
EL61,Biomass_Ex,2045,80
EL61,Biomass_Ex,2050,80
EL61,CCGT,2023,25
EL61,CCGT,2025,25
EL61,CCGT,2030,25
EL61,CCGT,2035,25
EL61,CCGT,2040,25
EL61,CCGT,2045,25
EL61,CCGT,2050,25
EL62,Batteries_New,2023,47.674
EL62,Batteries_New,2025,38.77678245
EL62,Batteries_New,2030,32.50381849
EL62,Batteries_New,2035,29.99742405
EL62,Batteries_New,2040,27.4914878
EL62,Batteries_New,2045,24.9861155
EL62,Batteries_New,2050,22.48144811
EL62,Biomass,2023,84.375
EL62,Biomass,2025,83.125
EL62,Biomass,2030,80
EL62,Biomass,2035,80
EL62,Biomass,2040,80
EL62,Biomass,2045,80
EL62,Biomass,2050,80
EL62,Biomass_CCS,2023,201.875
EL62,Biomass_CCS,2025,195.625
EL62,Biomass_CCS,2030,180
EL62,Biomass_CCS,2035,171.25
EL62,Biomass_CCS,2040,162.5
EL62,Biomass_CCS,2045,153.75
EL62,Biomass_CCS,2050,145
EL62,Biomass_Ex,2023,84.375
EL62,Biomass_Ex,2025,83.125
EL62,Biomass_Ex,2030,80
EL62,Biomass_Ex,2035,80
EL62,Biomass_Ex,2040,80
EL62,Biomass_Ex,2045,80
EL62,Biomass_Ex,2050,80
EL62,CCGT,2023,25
EL62,CCGT,2025,25
EL62,CCGT,2030,25
EL62,CCGT,2035,25
EL62,CCGT,2040,25
EL62,CCGT,2045,25
EL62,CCGT,2050,25
EL63,Batteries_New,2023,47.674
EL63,Batteries_New,2025,38.77678245
EL63,Batteries_New,2030,32.50381849
EL63,Batteries_New,2035,29.99742405
EL63,Batteries_New,2040,27.4914878
EL63,Batteries_New,2045,24.9861155
EL63,Batteries_New,2050,22.48144811
EL63,Biomass,2023,84.375
EL63,Biomass,2025,83.125
EL63,Biomass,2030,80
EL63,Biomass,2035,80
EL63,Biomass,2040,80
EL63,Biomass,2045,80
EL63,Biomass,2050,80
EL63,Biomass_CCS,2023,201.875
EL63,Biomass_CCS,2025,195.625
EL63,Biomass_CCS,2030,180
EL63,Biomass_CCS,2035,171.25
EL63,Biomass_CCS,2040,162.5
EL63,Biomass_CCS,2045,153.75
EL63,Biomass_CCS,2050,145
EL63,Biomass_Ex,2023,84.375
EL63,Biomass_Ex,2025,83.125
EL63,Biomass_Ex,2030,80
EL63,Biomass_Ex,2035,80
EL63,Biomass_Ex,2040,80
EL63,Biomass_Ex,2045,80
EL63,Biomass_Ex,2050,80
EL63,CCGT,2023,25
EL63,CCGT,2025,25
EL63,CCGT,2030,25
EL63,CCGT,2035,25
EL63,CCGT,2040,25
EL63,CCGT,2045,25
EL63,CCGT,2050,25
EL64,Batteries_New,2023,47.674
EL64,Batteries_New,2025,38.77678245
EL64,Batteries_New,2030,32.50381849
EL64,Batteries_New,2035,29.99742405
EL64,Batteries_New,2040,27.4914878
EL64,Batteries_New,2045,24.9861155
EL64,Batteries_New,2050,22.48144811
EL64,Biomass,2023,84.375
EL64,Biomass,2025,83.125
EL64,Biomass,2030,80
EL64,Biomass,2035,80
EL64,Biomass,2040,80
EL64,Biomass,2045,80
EL64,Biomass,2050,80
EL64,Biomass_CCS,2023,201.875
EL64,Biomass_CCS,2025,195.625
EL64,Biomass_CCS,2030,180
EL64,Biomass_CCS,2035,171.25
EL64,Biomass_CCS,2040,162.5
EL64,Biomass_CCS,2045,153.75
EL64,Biomass_CCS,2050,145
EL64,Biomass_Ex,2023,84.375
EL64,Biomass_Ex,2025,83.125
EL64,Biomass_Ex,2030,80
EL64,Biomass_Ex,2035,80
EL64,Biomass_Ex,2040,80
EL64,Biomass_Ex,2045,80
EL64,Biomass_Ex,2050,80
EL64,CCGT,2023,25
EL64,CCGT,2025,25
EL64,CCGT,2030,25
EL64,CCGT,2035,25
EL64,CCGT,2040,25
EL64,CCGT,2045,25
EL64,CCGT,2050,25
EL30,Batteries_New,2023,47.674
EL30,Batteries_New,2025,38.77678245
EL30,Batteries_New,2030,32.50381849
EL30,Batteries_New,2035,29.99742405
EL30,Batteries_New,2040,27.4914878
EL30,Batteries_New,2045,24.9861155
EL30,Batteries_New,2050,22.48144811
EL30,Biomass,2023,84.375
EL30,Biomass,2025,83.125
EL30,Biomass,2030,80
EL30,Biomass,2035,80
EL30,Biomass,2040,80
EL30,Biomass,2045,80
EL30,Biomass,2050,80
EL30,Biomass_CCS,2023,201.875
EL30,Biomass_CCS,2025,195.625
EL30,Biomass_CCS,2030,180
EL30,Biomass_CCS,2035,171.25
EL30,Biomass_CCS,2040,162.5
EL30,Biomass_CCS,2045,153.75
EL30,Biomass_CCS,2050,145
EL30,Biomass_Ex,2023,84.375
EL30,Biomass_Ex,2025,83.125
EL30,Biomass_Ex,2030,80
EL30,Biomass_Ex,2035,80
EL30,Biomass_Ex,2040,80
EL30,Biomass_Ex,2045,80
EL30,Biomass_Ex,2050,80
EL30,CCGT,2023,25
EL30,CCGT,2025,25
EL30,CCGT,2030,25
EL30,CCGT,2035,25
EL30,CCGT,2040,25
EL30,CCGT,2045,25
EL30,CCGT,2050,25
EL65,Batteries_New,2023,47.674
EL65,Batteries_New,2025,38.77678245
EL65,Batteries_New,2030,32.50381849
EL65,Batteries_New,2035,29.99742405
EL65,Batteries_New,2040,27.4914878
EL65,Batteries_New,2045,24.9861155
EL65,Batteries_New,2050,22.48144811
EL65,Biomass,2023,84.375
EL65,Biomass,2025,83.125
EL65,Biomass,2030,80
EL65,Biomass,2035,80
EL65,Biomass,2040,80
EL65,Biomass,2045,80
EL65,Biomass,2050,80
EL65,Biomass_CCS,2023,201.875
EL65,Biomass_CCS,2025,195.625
EL65,Biomass_CCS,2030,180
EL65,Biomass_CCS,2035,171.25
EL65,Biomass_CCS,2040,162.5
EL65,Biomass_CCS,2045,153.75
EL65,Biomass_CCS,2050,145
EL65,Biomass_Ex,2023,84.375
EL65,Biomass_Ex,2025,83.125
EL65,Biomass_Ex,2030,80
EL65,Biomass_Ex,2035,80
EL65,Biomass_Ex,2040,80
EL65,Biomass_Ex,2045,80
EL65,Biomass_Ex,2050,80
EL65,CCGT,2023,25
EL65,CCGT,2025,25
EL65,CCGT,2030,25
EL65,CCGT,2035,25
EL65,CCGT,2040,25
EL65,CCGT,2045,25
EL65,CCGT,2050,25
CHIOS,Chios,2023,36.81
CHIOS,Chios,2025,36.81
CHIOS,Chios,2030,36.81
CHIOS,Chios,2035,36.81
CHIOS,Chios,2040,36.81
CHIOS,Chios,2045,36.81
CHIOS,Chios,2050,36.81
EL52,Edeseou,2023,60
EL52,Edeseou,2025,60
EL52,Edeseou,2030,60
EL52,Edeseou,2035,60
EL52,Edeseou,2040,60
EL52,Edeseou,2045,60
EL52,Edeseou,2050,60
EL51,Elec_Network,2023,14.77
EL51,Elec_Network,2025,14.77
EL51,Elec_Network,2030,14.77
EL51,Elec_Network,2035,14.77
EL51,Elec_Network,2040,14.77
EL51,Elec_Network,2045,14.77
EL51,Elec_Network,2050,14.77
EL52,Elec_Network,2023,14.77
EL52,Elec_Network,2025,14.77
EL52,Elec_Network,2030,14.77
EL52,Elec_Network,2035,14.77
EL52,Elec_Network,2040,14.77
EL52,Elec_Network,2045,14.77
EL52,Elec_Network,2050,14.77
EL53,Elec_Network,2023,14.77
EL53,Elec_Network,2025,14.77
EL53,Elec_Network,2030,14.77
EL53,Elec_Network,2035,14.77
EL53,Elec_Network,2040,14.77
EL53,Elec_Network,2045,14.77
EL53,Elec_Network,2050,14.77
EL54,Elec_Network,2023,14.77
EL54,Elec_Network,2025,14.77
EL54,Elec_Network,2030,14.77
EL54,Elec_Network,2035,14.77
EL54,Elec_Network,2040,14.77
EL54,Elec_Network,2045,14.77
EL54,Elec_Network,2050,14.77
EL61,Elec_Network,2023,14.77
EL61,Elec_Network,2025,14.77
EL61,Elec_Network,2030,14.77
EL61,Elec_Network,2035,14.77
EL61,Elec_Network,2040,14.77
EL61,Elec_Network,2045,14.77
EL61,Elec_Network,2050,14.77
EL62,Elec_Network,2023,14.77
EL62,Elec_Network,2025,14.77
EL62,Elec_Network,2030,14.77
EL62,Elec_Network,2035,14.77
EL62,Elec_Network,2040,14.77
EL62,Elec_Network,2045,14.77
EL62,Elec_Network,2050,14.77
EL63,Elec_Network,2023,14.77
EL63,Elec_Network,2025,14.77
EL63,Elec_Network,2030,14.77
EL63,Elec_Network,2035,14.77
EL63,Elec_Network,2040,14.77
EL63,Elec_Network,2045,14.77
EL63,Elec_Network,2050,14.77
EL64,Elec_Network,2023,14.77
EL64,Elec_Network,2025,14.77
EL64,Elec_Network,2030,14.77
EL64,Elec_Network,2035,14.77
EL64,Elec_Network,2040,14.77
EL64,Elec_Network,2045,14.77
EL64,Elec_Network,2050,14.77
EL30,Elec_Network,2023,14.77
EL30,Elec_Network,2025,14.77
EL30,Elec_Network,2030,14.77
EL30,Elec_Network,2035,14.77
EL30,Elec_Network,2040,14.77
EL30,Elec_Network,2045,14.77
EL30,Elec_Network,2050,14.77
EL65,Elec_Network,2023,14.77
EL65,Elec_Network,2025,14.77
EL65,Elec_Network,2030,14.77
EL65,Elec_Network,2035,14.77
EL65,Elec_Network,2040,14.77
EL65,Elec_Network,2045,14.77
EL65,Elec_Network,2050,14.77
EL64,ELPEDISON,2023,27.40444759
EL64,ELPEDISON,2025,27.40444759
EL64,ELPEDISON,2030,27.40444759
EL64,ELPEDISON,2035,27.40444759
EL64,ELPEDISON,2040,27.40444759
EL64,ELPEDISON,2045,27.40444759
EL64,ELPEDISON,2050,27.40444759
EL52,Energ_Thesalonikis,2023,26.74281148
EL52,Energ_Thesalonikis,2025,26.74281148
EL52,Energ_Thesalonikis,2030,26.74281148
EL52,Energ_Thesalonikis,2035,26.74281148
EL52,Energ_Thesalonikis,2040,26.74281148
EL52,Energ_Thesalonikis,2045,26.74281148
EL52,Energ_Thesalonikis,2050,26.74281148
EL51,Gas_CCS,2023,77.5
EL51,Gas_CCS,2025,72.5
EL51,Gas_CCS,2030,60
EL51,Gas_CCS,2035,57.5
EL51,Gas_CCS,2040,55
EL51,Gas_CCS,2045,52.5
EL51,Gas_CCS,2050,50
EL51,Geothermal_HI,2023,55
EL51,Geothermal_HI,2025,55
EL51,Geothermal_HI,2030,55
EL51,Geothermal_HI,2035,54
EL51,Geothermal_HI,2040,53
EL51,Geothermal_HI,2045,51
EL51,Geothermal_HI,2050,50
EL51,Geothermal_ME,2023,47.5
EL51,Geothermal_ME,2025,47.5
EL51,Geothermal_ME,2030,47.5
EL51,Geothermal_ME,2035,46.5
EL51,Geothermal_ME,2040,45.5
EL51,Geothermal_ME,2045,44.7
EL51,Geothermal_ME,2050,43.8
EL51,HydroStor,2023,60
EL51,HydroStor,2025,60
EL51,HydroStor,2030,60
EL51,HydroStor,2035,60
EL51,HydroStor,2040,60
EL51,HydroStor,2045,60
EL51,HydroStor,2050,60
EL52,Gas_CCS,2023,77.5
EL52,Gas_CCS,2025,72.5
EL52,Gas_CCS,2030,60
EL52,Gas_CCS,2035,57.5
EL52,Gas_CCS,2040,55
EL52,Gas_CCS,2045,52.5
EL52,Gas_CCS,2050,50
EL52,Geothermal_HI,2023,55
EL52,Geothermal_HI,2025,55
EL52,Geothermal_HI,2030,55
EL52,Geothermal_HI,2035,54
EL52,Geothermal_HI,2040,53
EL52,Geothermal_HI,2045,51
EL52,Geothermal_HI,2050,50
EL52,Geothermal_ME,2023,47.5
EL52,Geothermal_ME,2025,47.5
EL52,Geothermal_ME,2030,47.5
EL52,Geothermal_ME,2035,46.5
EL52,Geothermal_ME,2040,45.5
EL52,Geothermal_ME,2045,44.7
EL52,Geothermal_ME,2050,43.8
EL52,HydroStor,2023,60
EL52,HydroStor,2025,60
EL52,HydroStor,2030,60
EL52,HydroStor,2035,60
EL52,HydroStor,2040,60
EL52,HydroStor,2045,60
EL52,HydroStor,2050,60
EL53,Gas_CCS,2023,77.5
EL53,Gas_CCS,2025,72.5
EL53,Gas_CCS,2030,60
EL53,Gas_CCS,2035,57.5
EL53,Gas_CCS,2040,55
EL53,Gas_CCS,2045,52.5
EL53,Gas_CCS,2050,50
EL53,Geothermal_HI,2023,55
EL53,Geothermal_HI,2025,55
EL53,Geothermal_HI,2030,55
EL53,Geothermal_HI,2035,54
EL53,Geothermal_HI,2040,53
EL53,Geothermal_HI,2045,51
EL53,Geothermal_HI,2050,50
EL53,Geothermal_ME,2023,47.5
EL53,Geothermal_ME,2025,47.5
EL53,Geothermal_ME,2030,47.5
EL53,Geothermal_ME,2035,46.5
EL53,Geothermal_ME,2040,45.5
EL53,Geothermal_ME,2045,44.7
EL53,Geothermal_ME,2050,43.8
EL53,HydroStor,2023,60
EL53,HydroStor,2025,60
EL53,HydroStor,2030,60
EL53,HydroStor,2035,60
EL53,HydroStor,2040,60
EL53,HydroStor,2045,60
EL53,HydroStor,2050,60
EL54,Gas_CCS,2023,77.5
EL54,Gas_CCS,2025,72.5
EL54,Gas_CCS,2030,60
EL54,Gas_CCS,2035,57.5
EL54,Gas_CCS,2040,55
EL54,Gas_CCS,2045,52.5
EL54,Gas_CCS,2050,50
EL54,Geothermal_HI,2023,55
EL54,Geothermal_HI,2025,55
EL54,Geothermal_HI,2030,55
EL54,Geothermal_HI,2035,54
EL54,Geothermal_HI,2040,53
EL54,Geothermal_HI,2045,51
EL54,Geothermal_HI,2050,50
EL54,Geothermal_ME,2023,47.5
EL54,Geothermal_ME,2025,47.5
EL54,Geothermal_ME,2030,47.5
EL54,Geothermal_ME,2035,46.5
EL54,Geothermal_ME,2040,45.5
EL54,Geothermal_ME,2045,44.7
EL54,Geothermal_ME,2050,43.8
EL54,HydroStor,2023,60
EL54,HydroStor,2025,60
EL54,HydroStor,2030,60
EL54,HydroStor,2035,60
EL54,HydroStor,2040,60
EL54,HydroStor,2045,60
EL54,HydroStor,2050,60
EL61,Gas_CCS,2023,77.5
EL61,Gas_CCS,2025,72.5
EL61,Gas_CCS,2030,60
EL61,Gas_CCS,2035,57.5
EL61,Gas_CCS,2040,55
EL61,Gas_CCS,2045,52.5
EL61,Gas_CCS,2050,50
EL61,Geothermal_HI,2023,55
EL61,Geothermal_HI,2025,55
EL61,Geothermal_HI,2030,55
EL61,Geothermal_HI,2035,54
EL61,Geothermal_HI,2040,53
EL61,Geothermal_HI,2045,51
EL61,Geothermal_HI,2050,50
EL61,Geothermal_ME,2023,47.5
EL61,Geothermal_ME,2025,47.5
EL61,Geothermal_ME,2030,47.5
EL61,Geothermal_ME,2035,46.5
EL61,Geothermal_ME,2040,45.5
EL61,Geothermal_ME,2045,44.7
EL61,Geothermal_ME,2050,43.8
EL61,HydroStor,2023,60
EL61,HydroStor,2025,60
EL61,HydroStor,2030,60
EL61,HydroStor,2035,60
EL61,HydroStor,2040,60
EL61,HydroStor,2045,60
EL61,HydroStor,2050,60
EL62,Gas_CCS,2023,77.5
EL62,Gas_CCS,2025,72.5
EL62,Gas_CCS,2030,60
EL62,Gas_CCS,2035,57.5
EL62,Gas_CCS,2040,55
EL62,Gas_CCS,2045,52.5
EL62,Gas_CCS,2050,50
EL62,Geothermal_HI,2023,55
EL62,Geothermal_HI,2025,55
EL62,Geothermal_HI,2030,55
EL62,Geothermal_HI,2035,54
EL62,Geothermal_HI,2040,53
EL62,Geothermal_HI,2045,51
EL62,Geothermal_HI,2050,50
EL62,Geothermal_ME,2023,47.5
EL62,Geothermal_ME,2025,47.5
EL62,Geothermal_ME,2030,47.5
EL62,Geothermal_ME,2035,46.5
EL62,Geothermal_ME,2040,45.5
EL62,Geothermal_ME,2045,44.7
EL62,Geothermal_ME,2050,43.8
EL62,HydroStor,2023,60
EL62,HydroStor,2025,60
EL62,HydroStor,2030,60
EL62,HydroStor,2035,60
EL62,HydroStor,2040,60
EL62,HydroStor,2045,60
EL62,HydroStor,2050,60
EL63,Gas_CCS,2023,77.5
EL63,Gas_CCS,2025,72.5
EL63,Gas_CCS,2030,60
EL63,Gas_CCS,2035,57.5
EL63,Gas_CCS,2040,55
EL63,Gas_CCS,2045,52.5
EL63,Gas_CCS,2050,50
EL63,Geothermal_HI,2023,55
EL63,Geothermal_HI,2025,55
EL63,Geothermal_HI,2030,55
EL63,Geothermal_HI,2035,54
EL63,Geothermal_HI,2040,53
EL63,Geothermal_HI,2045,51
EL63,Geothermal_HI,2050,50
EL63,Geothermal_ME,2023,47.5
EL63,Geothermal_ME,2025,47.5
EL63,Geothermal_ME,2030,47.5
EL63,Geothermal_ME,2035,46.5
EL63,Geothermal_ME,2040,45.5
EL63,Geothermal_ME,2045,44.7
EL63,Geothermal_ME,2050,43.8
EL63,HydroStor,2023,60
EL63,HydroStor,2025,60
EL63,HydroStor,2030,60
EL63,HydroStor,2035,60
EL63,HydroStor,2040,60
EL63,HydroStor,2045,60
EL63,HydroStor,2050,60
EL64,Gas_CCS,2023,77.5
EL64,Gas_CCS,2025,72.5
EL64,Gas_CCS,2030,60
EL64,Gas_CCS,2035,57.5
EL64,Gas_CCS,2040,55
EL64,Gas_CCS,2045,52.5
EL64,Gas_CCS,2050,50
EL64,Geothermal_HI,2023,55
EL64,Geothermal_HI,2025,55
EL64,Geothermal_HI,2030,55
EL64,Geothermal_HI,2035,54
EL64,Geothermal_HI,2040,53
EL64,Geothermal_HI,2045,51
EL64,Geothermal_HI,2050,50
EL64,Geothermal_ME,2023,47.5
EL64,Geothermal_ME,2025,47.5
EL64,Geothermal_ME,2030,47.5
EL64,Geothermal_ME,2035,46.5
EL64,Geothermal_ME,2040,45.5
EL64,Geothermal_ME,2045,44.7
EL64,Geothermal_ME,2050,43.8
EL64,HydroStor,2023,60
EL64,HydroStor,2025,60
EL64,HydroStor,2030,60
EL64,HydroStor,2035,60
EL64,HydroStor,2040,60
EL64,HydroStor,2045,60
EL64,HydroStor,2050,60
EL30,Gas_CCS,2023,77.5
EL30,Gas_CCS,2025,72.5
EL30,Gas_CCS,2030,60
EL30,Gas_CCS,2035,57.5
EL30,Gas_CCS,2040,55
EL30,Gas_CCS,2045,52.5
EL30,Gas_CCS,2050,50
EL30,Geothermal_HI,2023,55
EL30,Geothermal_HI,2025,55
EL30,Geothermal_HI,2030,55
EL30,Geothermal_HI,2035,54
EL30,Geothermal_HI,2040,53
EL30,Geothermal_HI,2045,51
EL30,Geothermal_HI,2050,50
EL30,Geothermal_ME,2023,47.5
EL30,Geothermal_ME,2025,47.5
EL30,Geothermal_ME,2030,47.5
EL30,Geothermal_ME,2035,46.5
EL30,Geothermal_ME,2040,45.5
EL30,Geothermal_ME,2045,44.7
EL30,Geothermal_ME,2050,43.8
EL30,HydroStor,2023,60
EL30,HydroStor,2025,60
EL30,HydroStor,2030,60
EL30,HydroStor,2035,60
EL30,HydroStor,2040,60
EL30,HydroStor,2045,60
EL30,HydroStor,2050,60
EL65,Gas_CCS,2023,77.5
EL65,Gas_CCS,2025,72.5
EL65,Gas_CCS,2030,60
EL65,Gas_CCS,2035,57.5
EL65,Gas_CCS,2040,55
EL65,Gas_CCS,2045,52.5
EL65,Gas_CCS,2050,50
EL65,Geothermal_HI,2023,55
EL65,Geothermal_HI,2025,55
EL65,Geothermal_HI,2030,55
EL65,Geothermal_HI,2035,54
EL65,Geothermal_HI,2040,53
EL65,Geothermal_HI,2045,51
EL65,Geothermal_HI,2050,50
EL65,Geothermal_ME,2023,47.5
EL65,Geothermal_ME,2025,47.5
EL65,Geothermal_ME,2030,47.5
EL65,Geothermal_ME,2035,46.5
EL65,Geothermal_ME,2040,45.5
EL65,Geothermal_ME,2045,44.7
EL65,Geothermal_ME,2050,43.8
EL65,HydroStor,2023,60
EL65,HydroStor,2025,60
EL65,HydroStor,2030,60
EL65,HydroStor,2035,60
EL65,HydroStor,2040,60
EL65,HydroStor,2045,60
EL65,HydroStor,2050,60
EL53,Ilariona,2023,60
EL53,Ilariona,2025,60
EL53,Ilariona,2030,60
EL53,Ilariona,2035,60
EL53,Ilariona,2040,60
EL53,Ilariona,2045,60
EL53,Ilariona,2050,60
EL64,Iron_I,2023,20
EL64,Iron_I,2025,20
EL64,Iron_I,2030,20
EL64,Iron_I,2035,20
EL64,Iron_I,2040,20
EL64,Iron_I,2045,20
EL64,Iron_I,2050,20
EL64,Iron_II,2023,20
EL64,Iron_II,2025,20
EL64,Iron_II,2030,20
EL64,Iron_II,2035,20
EL64,Iron_II,2040,20
EL64,Iron_II,2045,20
EL64,Iron_II,2050,20
EL64,Iron_III,2023,20
EL64,Iron_III,2025,20
EL64,Iron_III,2030,20
EL64,Iron_III,2035,20
EL64,Iron_III,2040,20
EL64,Iron_III,2045,20
EL64,Iron_III,2050,20
EL64,IronII_CCGT,2023,24.47
EL64,IronII_CCGT,2025,24.47
EL64,IronII_CCGT,2030,24.47
EL64,IronII_CCGT,2035,24.47
EL64,IronII_CCGT,2040,24.47
EL64,IronII_CCGT,2045,24.47
EL64,IronII_CCGT,2050,24.47
KARPATHOS,Karpathos,2023,17.06
KARPATHOS,Karpathos,2025,17.06
KARPATHOS,Karpathos,2030,17.06
KARPATHOS,Karpathos,2035,17.06
KARPATHOS,Karpathos,2040,17.06
KARPATHOS,Karpathos,2045,17.06
KARPATHOS,Karpathos,2050,17.06
EL63,Kastrakiou,2023,60
EL63,Kastrakiou,2025,60
EL63,Kastrakiou,2030,60
EL63,Kastrakiou,2035,60
EL63,Kastrakiou,2040,60
EL63,Kastrakiou,2045,60
EL63,Kastrakiou,2050,60
EL65,KORINTHOS_POWER,2023,27.44920511
EL65,KORINTHOS_POWER,2025,27.44920511
EL65,KORINTHOS_POWER,2030,27.44920511
EL65,KORINTHOS_POWER,2035,27.44920511
EL65,KORINTHOS_POWER,2040,27.44920511
EL65,KORINTHOS_POWER,2045,27.44920511
EL65,KORINTHOS_POWER,2050,27.44920511
KOS,Kos_Kalymnos,2023,36.81
KOS,Kos_Kalymnos,2025,36.81
KOS,Kos_Kalymnos,2030,36.81
KOS,Kos_Kalymnos,2035,36.81
KOS,Kos_Kalymnos,2040,36.81
KOS,Kos_Kalymnos,2045,36.81
KOS,Kos_Kalymnos,2050,36.81
EL63,Kremaston,2023,60
EL63,Kremaston,2025,60
EL63,Kremaston,2030,60
EL63,Kremaston,2035,60
EL63,Kremaston,2040,60
EL63,Kremaston,2045,60
EL63,Kremaston,2050,60
EL65,Ladona,2023,60
EL65,Ladona,2025,60
EL65,Ladona,2030,60
EL65,Ladona,2035,60
EL65,Ladona,2040,60
EL65,Ladona,2045,60
EL65,Ladona,2050,60
LEMNOS,Lemnos,2023,17.06
LEMNOS,Lemnos,2025,17.06
LEMNOS,Lemnos,2030,17.06
LEMNOS,Lemnos,2035,17.06
LEMNOS,Lemnos,2040,17.06
LEMNOS,Lemnos,2045,17.06
LEMNOS,Lemnos,2050,17.06
LESVOS,Lesvos,2023,36.81
LESVOS,Lesvos,2025,36.81
LESVOS,Lesvos,2030,36.81
LESVOS,Lesvos,2035,36.81
LESVOS,Lesvos,2040,36.81
LESVOS,Lesvos,2045,36.81
LESVOS,Lesvos,2050,36.81
Crete,Linoperamata,2023,36.81
Crete,Linoperamata,2025,36.81
Crete,Linoperamata,2030,36.81
Crete,Linoperamata,2035,36.81
Crete,Linoperamata,2040,36.81
Crete,Linoperamata,2045,36.81
Crete,Linoperamata,2050,36.81
EL65,Megalopolis_III,2023,42.9225703
EL65,Megalopolis_III,2025,42.9225703
EL65,Megalopolis_III,2030,42.9225703
EL65,Megalopolis_III,2035,42.9225703
EL65,Megalopolis_III,2040,42.9225703
EL65,Megalopolis_III,2045,42.9225703
EL65,Megalopolis_III,2050,42.9225703
EL65,Megalopolis_IV,2023,42.32189869
EL65,Megalopolis_IV,2025,42.32189869
EL65,Megalopolis_IV,2030,42.32189869
EL65,Megalopolis_IV,2035,42.32189869
EL65,Megalopolis_IV,2040,42.32189869
EL65,Megalopolis_IV,2045,42.32189869
EL65,Megalopolis_IV,2050,42.32189869
EL53,Melitis_I,2023,42.44439888
EL53,Melitis_I,2025,42.44439888
EL53,Melitis_I,2030,42.44439888
EL53,Melitis_I,2035,42.44439888
EL53,Melitis_I,2040,42.44439888
EL53,Melitis_I,2045,42.44439888
EL53,Melitis_I,2050,42.44439888
EL51,OCGT,2023,20
EL51,OCGT,2025,20
EL51,OCGT,2030,20
EL51,OCGT,2035,20
EL51,OCGT,2040,20
EL51,OCGT,2045,20
EL51,OCGT,2050,20
EL51,OffshoreWind,2023,67.5
EL51,OffshoreWind,2025,62.5
EL51,OffshoreWind,2030,50
EL51,OffshoreWind,2035,46.3
EL51,OffshoreWind,2040,42.5
EL51,OffshoreWind,2045,38.8
EL51,OffshoreWind,2050,35
EL52,OCGT,2023,20
EL52,OCGT,2025,20
EL52,OCGT,2030,20
EL52,OCGT,2035,20
EL52,OCGT,2040,20
EL52,OCGT,2045,20
EL52,OCGT,2050,20
EL52,OffshoreWind,2023,67.5
EL52,OffshoreWind,2025,62.5
EL52,OffshoreWind,2030,50
EL52,OffshoreWind,2035,46.3
EL52,OffshoreWind,2040,42.5
EL52,OffshoreWind,2045,38.8
EL52,OffshoreWind,2050,35
EL53,OCGT,2023,20
EL53,OCGT,2025,20
EL53,OCGT,2030,20
EL53,OCGT,2035,20
EL53,OCGT,2040,20
EL53,OCGT,2045,20
EL53,OCGT,2050,20
EL53,OffshoreWind,2023,67.5
EL53,OffshoreWind,2025,62.5
EL53,OffshoreWind,2030,50
EL53,OffshoreWind,2035,46.3
EL53,OffshoreWind,2040,42.5
EL53,OffshoreWind,2045,38.8
EL53,OffshoreWind,2050,35
EL54,OCGT,2023,20
EL54,OCGT,2025,20
EL54,OCGT,2030,20
EL54,OCGT,2035,20
EL54,OCGT,2040,20
EL54,OCGT,2045,20
EL54,OCGT,2050,20
EL54,OffshoreWind,2023,67.5
EL54,OffshoreWind,2025,62.5
EL54,OffshoreWind,2030,50
EL54,OffshoreWind,2035,46.3
EL54,OffshoreWind,2040,42.5
EL54,OffshoreWind,2045,38.8
EL54,OffshoreWind,2050,35
EL61,OCGT,2023,20
EL61,OCGT,2025,20
EL61,OCGT,2030,20
EL61,OCGT,2035,20
EL61,OCGT,2040,20
EL61,OCGT,2045,20
EL61,OCGT,2050,20
EL61,OffshoreWind,2023,67.5
EL61,OffshoreWind,2025,62.5
EL61,OffshoreWind,2030,50
EL61,OffshoreWind,2035,46.3
EL61,OffshoreWind,2040,42.5
EL61,OffshoreWind,2045,38.8
EL61,OffshoreWind,2050,35
EL62,OCGT,2023,20
EL62,OCGT,2025,20
EL62,OCGT,2030,20
EL62,OCGT,2035,20
EL62,OCGT,2040,20
EL62,OCGT,2045,20
EL62,OCGT,2050,20
EL62,OffshoreWind,2023,67.5
EL62,OffshoreWind,2025,62.5
EL62,OffshoreWind,2030,50
EL62,OffshoreWind,2035,46.3
EL62,OffshoreWind,2040,42.5
EL62,OffshoreWind,2045,38.8
EL62,OffshoreWind,2050,35
EL63,OCGT,2023,20
EL63,OCGT,2025,20
EL63,OCGT,2030,20
EL63,OCGT,2035,20
EL63,OCGT,2040,20
EL63,OCGT,2045,20
EL63,OCGT,2050,20
EL63,OffshoreWind,2023,67.5
EL63,OffshoreWind,2025,62.5
EL63,OffshoreWind,2030,50
EL63,OffshoreWind,2035,46.3
EL63,OffshoreWind,2040,42.5
EL63,OffshoreWind,2045,38.8
EL63,OffshoreWind,2050,35
EL64,OCGT,2023,20
EL64,OCGT,2025,20
EL64,OCGT,2030,20
EL64,OCGT,2035,20
EL64,OCGT,2040,20
EL64,OCGT,2045,20
EL64,OCGT,2050,20
EL64,OffshoreWind,2023,67.5
EL64,OffshoreWind,2025,62.5
EL64,OffshoreWind,2030,50
EL64,OffshoreWind,2035,46.3
EL64,OffshoreWind,2040,42.5
EL64,OffshoreWind,2045,38.8
EL64,OffshoreWind,2050,35
EL30,OCGT,2023,20
EL30,OCGT,2025,20
EL30,OCGT,2030,20
EL30,OCGT,2035,20
EL30,OCGT,2040,20
EL30,OCGT,2045,20
EL30,OCGT,2050,20
EL30,OffshoreWind,2023,67.5
EL30,OffshoreWind,2025,62.5
EL30,OffshoreWind,2030,50
EL30,OffshoreWind,2035,46.3
EL30,OffshoreWind,2040,42.5
EL30,OffshoreWind,2045,38.8
EL30,OffshoreWind,2050,35
EL65,OCGT,2023,20
EL65,OCGT,2025,20
EL65,OCGT,2030,20
EL65,OCGT,2035,20
EL65,OCGT,2040,20
EL65,OCGT,2045,20
EL65,OCGT,2050,20
EL65,OffshoreWind,2023,67.5
EL65,OffshoreWind,2025,62.5
EL65,OffshoreWind,2030,50
EL65,OffshoreWind,2035,46.3
EL65,OffshoreWind,2040,42.5
EL65,OffshoreWind,2045,38.8
EL65,OffshoreWind,2050,35
SKYROS,Skyros,2023,17.06
SKYROS,Skyros,2025,17.06
SKYROS,Skyros,2030,17.06
SKYROS,Skyros,2035,17.06
SKYROS,Skyros,2040,17.06
SKYROS,Skyros,2045,17.06
SKYROS,Skyros,2050,17.06
SERIFOS,Serifos,2023,17.06
SERIFOS,Serifos,2025,17.06
SERIFOS,Serifos,2030,17.06
SERIFOS,Serifos,2035,17.06
SERIFOS,Serifos,2040,17.06
SERIFOS,Serifos,2045,17.06
SERIFOS,Serifos,2050,17.06
EL54,Pigwn_Aoou,2023,60
EL54,Pigwn_Aoou,2025,60
EL54,Pigwn_Aoou,2030,60
EL54,Pigwn_Aoou,2035,60
EL54,Pigwn_Aoou,2040,60
EL54,Pigwn_Aoou,2045,60
EL54,Pigwn_Aoou,2050,60
EL61,Plastira,2023,60
EL61,Plastira,2025,60
EL61,Plastira,2030,60
EL61,Plastira,2035,60
EL61,Plastira,2040,60
EL61,Plastira,2045,60
EL61,Plastira,2050,60
EL51,Platanovrisis,2023,60
EL51,Platanovrisis,2025,60
EL51,Platanovrisis,2030,60
EL51,Platanovrisis,2035,60
EL51,Platanovrisis,2040,60
EL51,Platanovrisis,2045,60
EL51,Platanovrisis,2050,60
EL53,Polifitou,2023,60
EL53,Polifitou,2025,60
EL53,Polifitou,2030,60
EL53,Polifitou,2035,60
EL53,Polifitou,2040,60
EL53,Polifitou,2045,60
EL53,Polifitou,2050,60
EL54,Pournarou_I,2023,60
EL54,Pournarou_I,2025,60
EL54,Pournarou_I,2030,60
EL54,Pournarou_I,2035,60
EL54,Pournarou_I,2040,60
EL54,Pournarou_I,2045,60
EL54,Pournarou_I,2050,60
EL54,Pournarou_II,2023,60
EL54,Pournarou_II,2025,60
EL54,Pournarou_II,2030,60
EL54,Pournarou_II,2035,60
EL54,Pournarou_II,2040,60
EL54,Pournarou_II,2045,60
EL54,Pournarou_II,2050,60
EL64,PROTERGIA_CC,2023,27.46880449
EL64,PROTERGIA_CC,2025,27.46880449
EL64,PROTERGIA_CC,2030,27.46880449
EL64,PROTERGIA_CC,2035,27.46880449
EL64,PROTERGIA_CC,2040,27.46880449
EL64,PROTERGIA_CC,2045,27.46880449
EL64,PROTERGIA_CC,2050,27.46880449
EL53,Ptolemaidas_V,2023,42.49
EL53,Ptolemaidas_V,2025,42.49
EL53,Ptolemaidas_V,2030,42.49
EL53,Ptolemaidas_V,2035,42.49
EL53,Ptolemaidas_V,2040,42.49
EL53,Ptolemaidas_V,2045,42.49
EL53,Ptolemaidas_V,2050,42.49
EL51,PV,2023,14
EL51,PV,2025,14
EL51,PV,2030,14
EL51,PV,2035,13.5
EL51,PV,2040,13
EL51,PV,2045,12.5
EL51,PV,2050,12
EL51,PV_Ex,2023,14
EL51,PV_Ex,2025,14
EL51,PV_Ex,2030,14
EL51,PV_Ex,2035,13.5
EL51,PV_Ex,2040,13
EL51,PV_Ex,2045,12.5
EL51,PV_Ex,2050,12
EL52,PV,2023,14
EL52,PV,2025,14
EL52,PV,2030,14
EL52,PV,2035,13.5
EL52,PV,2040,13
EL52,PV,2045,12.5
EL52,PV,2050,12
EL52,PV_Ex,2023,14
EL52,PV_Ex,2025,14
EL52,PV_Ex,2030,14
EL52,PV_Ex,2035,13.5
EL52,PV_Ex,2040,13
EL52,PV_Ex,2045,12.5
EL52,PV_Ex,2050,12
EL53,PV,2023,14
EL53,PV,2025,14
EL53,PV,2030,14
EL53,PV,2035,13.5
EL53,PV,2040,13
EL53,PV,2045,12.5
EL53,PV,2050,12
EL53,PV_Ex,2023,14
EL53,PV_Ex,2025,14
EL53,PV_Ex,2030,14
EL53,PV_Ex,2035,13.5
EL53,PV_Ex,2040,13
EL53,PV_Ex,2045,12.5
EL53,PV_Ex,2050,12
EL54,PV,2023,14
EL54,PV,2025,14
EL54,PV,2030,14
EL54,PV,2035,13.5
EL54,PV,2040,13
EL54,PV,2045,12.5
EL54,PV,2050,12
EL54,PV_Ex,2023,14
EL54,PV_Ex,2025,14
EL54,PV_Ex,2030,14
EL54,PV_Ex,2035,13.5
EL54,PV_Ex,2040,13
EL54,PV_Ex,2045,12.5
EL54,PV_Ex,2050,12
EL61,PV,2023,14
EL61,PV,2025,14
EL61,PV,2030,14
EL61,PV,2035,13.5
EL61,PV,2040,13
EL61,PV,2045,12.5
EL61,PV,2050,12
EL61,PV_Ex,2023,14
EL61,PV_Ex,2025,14
EL61,PV_Ex,2030,14
EL61,PV_Ex,2035,13.5
EL61,PV_Ex,2040,13
EL61,PV_Ex,2045,12.5
EL61,PV_Ex,2050,12
EL62,PV,2023,14
EL62,PV,2025,14
EL62,PV,2030,14
EL62,PV,2035,13.5
EL62,PV,2040,13
EL62,PV,2045,12.5
EL62,PV,2050,12
EL62,PV_Ex,2023,14
EL62,PV_Ex,2025,14
EL62,PV_Ex,2030,14
EL62,PV_Ex,2035,13.5
EL62,PV_Ex,2040,13
EL62,PV_Ex,2045,12.5
EL62,PV_Ex,2050,12
EL63,PV,2023,14
EL63,PV,2025,14
EL63,PV,2030,14
EL63,PV,2035,13.5
EL63,PV,2040,13
EL63,PV,2045,12.5
EL63,PV,2050,12
EL63,PV_Ex,2023,14
EL63,PV_Ex,2025,14
EL63,PV_Ex,2030,14
EL63,PV_Ex,2035,13.5
EL63,PV_Ex,2040,13
EL63,PV_Ex,2045,12.5
EL63,PV_Ex,2050,12
EL64,PV,2023,14
EL64,PV,2025,14
EL64,PV,2030,14
EL64,PV,2035,13.5
EL64,PV,2040,13
EL64,PV,2045,12.5
EL64,PV,2050,12
EL64,PV_Ex,2023,14
EL64,PV_Ex,2025,14
EL64,PV_Ex,2030,14
EL64,PV_Ex,2035,13.5
EL64,PV_Ex,2040,13
EL64,PV_Ex,2045,12.5
EL64,PV_Ex,2050,12
EL30,PV,2023,14
EL30,PV,2025,14
EL30,PV,2030,14
EL30,PV,2035,13.5
EL30,PV,2040,13
EL30,PV,2045,12.5
EL30,PV,2050,12
EL30,PV_Ex,2023,14
EL30,PV_Ex,2025,14
EL30,PV_Ex,2030,14
EL30,PV_Ex,2035,13.5
EL30,PV_Ex,2040,13
EL30,PV_Ex,2045,12.5
EL30,PV_Ex,2050,12
EL65,PV,2023,14
EL65,PV,2025,14
EL65,PV,2030,14
EL65,PV,2035,13.5
EL65,PV,2040,13
EL65,PV,2045,12.5
EL65,PV,2050,12
EL65,PV_Ex,2023,14
EL65,PV_Ex,2025,14
EL65,PV_Ex,2030,14
EL65,PV_Ex,2035,13.5
EL65,PV_Ex,2040,13
EL65,PV_Ex,2045,12.5
EL65,PV_Ex,2050,12
RODOS,Rodos,2023,36.81
RODOS,Rodos,2025,36.81
RODOS,Rodos,2030,36.81
RODOS,Rodos,2035,36.81
RODOS,Rodos,2040,36.81
RODOS,Rodos,2045,36.81
RODOS,Rodos,2050,36.81
EL51,RooftopPV,2023,19.75
EL51,RooftopPV,2025,19.5
EL51,RooftopPV,2030,18
EL51,RooftopPV,2035,18
EL51,RooftopPV,2040,18
EL51,RooftopPV,2045,18
EL51,RooftopPV,2050,18
EL51,RooftopPV_Ex,2023,19.75
EL51,RooftopPV_Ex,2025,19.5
EL51,RooftopPV_Ex,2030,18
EL51,RooftopPV_Ex,2035,18
EL51,RooftopPV_Ex,2040,18
EL51,RooftopPV_Ex,2045,18
EL51,RooftopPV_Ex,2050,18
EL51,RoR,2023,80
EL51,RoR,2025,80
EL51,RoR,2030,80
EL51,RoR,2035,80
EL51,RoR,2040,80
EL51,RoR,2045,80
EL51,RoR,2050,80
EL51,RoR_Ex,2023,80
EL51,RoR_Ex,2025,80
EL51,RoR_Ex,2030,80
EL51,RoR_Ex,2035,80
EL51,RoR_Ex,2040,80
EL51,RoR_Ex,2045,80
EL51,RoR_Ex,2050,80
EL52,RooftopPV,2023,19.75
EL52,RooftopPV,2025,19.5
EL52,RooftopPV,2030,18
EL52,RooftopPV,2035,18
EL52,RooftopPV,2040,18
EL52,RooftopPV,2045,18
EL52,RooftopPV,2050,18
EL52,RooftopPV_Ex,2023,19.75
EL52,RooftopPV_Ex,2025,19.5
EL52,RooftopPV_Ex,2030,18
EL52,RooftopPV_Ex,2035,18
EL52,RooftopPV_Ex,2040,18
EL52,RooftopPV_Ex,2045,18
EL52,RooftopPV_Ex,2050,18
EL52,RoR,2023,80
EL52,RoR,2025,80
EL52,RoR,2030,80
EL52,RoR,2035,80
EL52,RoR,2040,80
EL52,RoR,2045,80
EL52,RoR,2050,80
EL52,RoR_Ex,2023,80
EL52,RoR_Ex,2025,80
EL52,RoR_Ex,2030,80
EL52,RoR_Ex,2035,80
EL52,RoR_Ex,2040,80
EL52,RoR_Ex,2045,80
EL52,RoR_Ex,2050,80
EL53,RooftopPV,2023,19.75
EL53,RooftopPV,2025,19.5
EL53,RooftopPV,2030,18
EL53,RooftopPV,2035,18
EL53,RooftopPV,2040,18
EL53,RooftopPV,2045,18
EL53,RooftopPV,2050,18
EL53,RooftopPV_Ex,2023,19.75
EL53,RooftopPV_Ex,2025,19.5
EL53,RooftopPV_Ex,2030,18
EL53,RooftopPV_Ex,2035,18
EL53,RooftopPV_Ex,2040,18
EL53,RooftopPV_Ex,2045,18
EL53,RooftopPV_Ex,2050,18
EL53,RoR,2023,80
EL53,RoR,2025,80
EL53,RoR,2030,80
EL53,RoR,2035,80
EL53,RoR,2040,80
EL53,RoR,2045,80
EL53,RoR,2050,80
EL53,RoR_Ex,2023,80
EL53,RoR_Ex,2025,80
EL53,RoR_Ex,2030,80
EL53,RoR_Ex,2035,80
EL53,RoR_Ex,2040,80
EL53,RoR_Ex,2045,80
EL53,RoR_Ex,2050,80
EL54,RooftopPV,2023,19.75
EL54,RooftopPV,2025,19.5
EL54,RooftopPV,2030,18
EL54,RooftopPV,2035,18
EL54,RooftopPV,2040,18
EL54,RooftopPV,2045,18
EL54,RooftopPV,2050,18
EL54,RooftopPV_Ex,2023,19.75
EL54,RooftopPV_Ex,2025,19.5
EL54,RooftopPV_Ex,2030,18
EL54,RooftopPV_Ex,2035,18
EL54,RooftopPV_Ex,2040,18
EL54,RooftopPV_Ex,2045,18
EL54,RooftopPV_Ex,2050,18
EL54,RoR,2023,80
EL54,RoR,2025,80
EL54,RoR,2030,80
EL54,RoR,2035,80
EL54,RoR,2040,80
EL54,RoR,2045,80
EL54,RoR,2050,80
EL54,RoR_Ex,2023,80
EL54,RoR_Ex,2025,80
EL54,RoR_Ex,2030,80
EL54,RoR_Ex,2035,80
EL54,RoR_Ex,2040,80
EL54,RoR_Ex,2045,80
EL54,RoR_Ex,2050,80
EL61,RooftopPV,2023,19.75
EL61,RooftopPV,2025,19.5
EL61,RooftopPV,2030,18
EL61,RooftopPV,2035,18
EL61,RooftopPV,2040,18
EL61,RooftopPV,2045,18
EL61,RooftopPV,2050,18
EL61,RooftopPV_Ex,2023,19.75
EL61,RooftopPV_Ex,2025,19.5
EL61,RooftopPV_Ex,2030,18
EL61,RooftopPV_Ex,2035,18
EL61,RooftopPV_Ex,2040,18
EL61,RooftopPV_Ex,2045,18
EL61,RooftopPV_Ex,2050,18
EL61,RoR,2023,80
EL61,RoR,2025,80
EL61,RoR,2030,80
EL61,RoR,2035,80
EL61,RoR,2040,80
EL61,RoR,2045,80
EL61,RoR,2050,80
EL61,RoR_Ex,2023,80
EL61,RoR_Ex,2025,80
EL61,RoR_Ex,2030,80
EL61,RoR_Ex,2035,80
EL61,RoR_Ex,2040,80
EL61,RoR_Ex,2045,80
EL61,RoR_Ex,2050,80
EL62,RooftopPV,2023,19.75
EL62,RooftopPV,2025,19.5
EL62,RooftopPV,2030,18
EL62,RooftopPV,2035,18
EL62,RooftopPV,2040,18
EL62,RooftopPV,2045,18
EL62,RooftopPV,2050,18
EL62,RooftopPV_Ex,2023,19.75
EL62,RooftopPV_Ex,2025,19.5
EL62,RooftopPV_Ex,2030,18
EL62,RooftopPV_Ex,2035,18
EL62,RooftopPV_Ex,2040,18
EL62,RooftopPV_Ex,2045,18
EL62,RooftopPV_Ex,2050,18
EL62,RoR,2023,80
EL62,RoR,2025,80
EL62,RoR,2030,80
EL62,RoR,2035,80
EL62,RoR,2040,80
EL62,RoR,2045,80
EL62,RoR,2050,80
EL62,RoR_Ex,2023,80
EL62,RoR_Ex,2025,80
EL62,RoR_Ex,2030,80
EL62,RoR_Ex,2035,80
EL62,RoR_Ex,2040,80
EL62,RoR_Ex,2045,80
EL62,RoR_Ex,2050,80
EL63,RooftopPV,2023,19.75
EL63,RooftopPV,2025,19.5
EL63,RooftopPV,2030,18
EL63,RooftopPV,2035,18
EL63,RooftopPV,2040,18
EL63,RooftopPV,2045,18
EL63,RooftopPV,2050,18
EL63,RooftopPV_Ex,2023,19.75
EL63,RooftopPV_Ex,2025,19.5
EL63,RooftopPV_Ex,2030,18
EL63,RooftopPV_Ex,2035,18
EL63,RooftopPV_Ex,2040,18
EL63,RooftopPV_Ex,2045,18
EL63,RooftopPV_Ex,2050,18
EL63,RoR,2023,80
EL63,RoR,2025,80
EL63,RoR,2030,80
EL63,RoR,2035,80
EL63,RoR,2040,80
EL63,RoR,2045,80
EL63,RoR,2050,80
EL63,RoR_Ex,2023,80
EL63,RoR_Ex,2025,80
EL63,RoR_Ex,2030,80
EL63,RoR_Ex,2035,80
EL63,RoR_Ex,2040,80
EL63,RoR_Ex,2045,80
EL63,RoR_Ex,2050,80
EL64,RooftopPV,2023,19.75
EL64,RooftopPV,2025,19.5
EL64,RooftopPV,2030,18
EL64,RooftopPV,2035,18
EL64,RooftopPV,2040,18
EL64,RooftopPV,2045,18
EL64,RooftopPV,2050,18
EL64,RooftopPV_Ex,2023,19.75
EL64,RooftopPV_Ex,2025,19.5
EL64,RooftopPV_Ex,2030,18
EL64,RooftopPV_Ex,2035,18
EL64,RooftopPV_Ex,2040,18
EL64,RooftopPV_Ex,2045,18
EL64,RooftopPV_Ex,2050,18
EL64,RoR,2023,80
EL64,RoR,2025,80
EL64,RoR,2030,80
EL64,RoR,2035,80
EL64,RoR,2040,80
EL64,RoR,2045,80
EL64,RoR,2050,80
EL64,RoR_Ex,2023,80
EL64,RoR_Ex,2025,80
EL64,RoR_Ex,2030,80
EL64,RoR_Ex,2035,80
EL64,RoR_Ex,2040,80
EL64,RoR_Ex,2045,80
EL64,RoR_Ex,2050,80
EL30,RooftopPV,2023,19.75
EL30,RooftopPV,2025,19.5
EL30,RooftopPV,2030,18
EL30,RooftopPV,2035,18
EL30,RooftopPV,2040,18
EL30,RooftopPV,2045,18
EL30,RooftopPV,2050,18
EL30,RooftopPV_Ex,2023,19.75
EL30,RooftopPV_Ex,2025,19.5
EL30,RooftopPV_Ex,2030,18
EL30,RooftopPV_Ex,2035,18
EL30,RooftopPV_Ex,2040,18
EL30,RooftopPV_Ex,2045,18
EL30,RooftopPV_Ex,2050,18
EL30,RoR,2023,80
EL30,RoR,2025,80
EL30,RoR,2030,80
EL30,RoR,2035,80
EL30,RoR,2040,80
EL30,RoR,2045,80
EL30,RoR,2050,80
EL30,RoR_Ex,2023,80
EL30,RoR_Ex,2025,80
EL30,RoR_Ex,2030,80
EL30,RoR_Ex,2035,80
EL30,RoR_Ex,2040,80
EL30,RoR_Ex,2045,80
EL30,RoR_Ex,2050,80
EL65,RooftopPV,2023,19.75
EL65,RooftopPV,2025,19.5
EL65,RooftopPV,2030,18
EL65,RooftopPV,2035,18
EL65,RooftopPV,2040,18
EL65,RooftopPV,2045,18
EL65,RooftopPV,2050,18
EL65,RooftopPV_Ex,2023,19.75
EL65,RooftopPV_Ex,2025,19.5
EL65,RooftopPV_Ex,2030,18
EL65,RooftopPV_Ex,2035,18
EL65,RooftopPV_Ex,2040,18
EL65,RooftopPV_Ex,2045,18
EL65,RooftopPV_Ex,2050,18
EL65,RoR,2023,80
EL65,RoR,2025,80
EL65,RoR,2030,80
EL65,RoR,2035,80
EL65,RoR,2040,80
EL65,RoR,2045,80
EL65,RoR,2050,80
EL65,RoR_Ex,2023,80
EL65,RoR_Ex,2025,80
EL65,RoR_Ex,2030,80
EL65,RoR_Ex,2035,80
EL65,RoR_Ex,2040,80
EL65,RoR_Ex,2045,80
EL65,RoR_Ex,2050,80
SAMOS,Samos,2023,17.06
SAMOS,Samos,2025,17.06
SAMOS,Samos,2030,17.06
SAMOS,Samos,2035,17.06
SAMOS,Samos,2040,17.06
SAMOS,Samos,2045,17.06
SAMOS,Samos,2050,17.06
EL63,Stratou_I,2023,60
EL63,Stratou_I,2025,60
EL63,Stratou_I,2030,60
EL63,Stratou_I,2035,60
EL63,Stratou_I,2040,60
EL63,Stratou_I,2045,60
EL63,Stratou_I,2050,60
THIRA,Thira,2023,36.81
THIRA,Thira,2025,36.81
THIRA,Thira,2030,36.81
THIRA,Thira,2035,36.81
THIRA,Thira,2040,36.81
THIRA,Thira,2045,36.81
THIRA,Thira,2050,36.81
EL64,THIS_Ag.Nikolaos,2023,25
EL64,THIS_Ag.Nikolaos,2025,25
EL64,THIS_Ag.Nikolaos,2030,25
EL64,THIS_Ag.Nikolaos,2035,25
EL64,THIS_Ag.Nikolaos,2040,25
EL64,THIS_Ag.Nikolaos,2045,25
EL64,THIS_Ag.Nikolaos,2050,25
EL51,Wind,2023,45.5
EL51,Wind,2025,44.5
EL51,Wind,2030,42
EL51,Wind,2035,42
EL51,Wind,2040,42
EL51,Wind,2045,42
EL51,Wind,2050,42
EL51,Wind_Ex,2023,45.5
EL51,Wind_Ex,2025,44.5
EL51,Wind_Ex,2030,42
EL51,Wind_Ex,2035,42
EL51,Wind_Ex,2040,42
EL51,Wind_Ex,2045,42
EL51,Wind_Ex,2050,42
EL52,Wind,2023,45.5
EL52,Wind,2025,44.5
EL52,Wind,2030,42
EL52,Wind,2035,42
EL52,Wind,2040,42
EL52,Wind,2045,42
EL52,Wind,2050,42
EL52,Wind_Ex,2023,45.5
EL52,Wind_Ex,2025,44.5
EL52,Wind_Ex,2030,42
EL52,Wind_Ex,2035,42
EL52,Wind_Ex,2040,42
EL52,Wind_Ex,2045,42
EL52,Wind_Ex,2050,42
EL53,Wind,2023,45.5
EL53,Wind,2025,44.5
EL53,Wind,2030,42
EL53,Wind,2035,42
EL53,Wind,2040,42
EL53,Wind,2045,42
EL53,Wind,2050,42
EL53,Wind_Ex,2023,45.5
EL53,Wind_Ex,2025,44.5
EL53,Wind_Ex,2030,42
EL53,Wind_Ex,2035,42
EL53,Wind_Ex,2040,42
EL53,Wind_Ex,2045,42
EL53,Wind_Ex,2050,42
EL54,Wind,2023,45.5
EL54,Wind,2025,44.5
EL54,Wind,2030,42
EL54,Wind,2035,42
EL54,Wind,2040,42
EL54,Wind,2045,42
EL54,Wind,2050,42
EL54,Wind_Ex,2023,45.5
EL54,Wind_Ex,2025,44.5
EL54,Wind_Ex,2030,42
EL54,Wind_Ex,2035,42
EL54,Wind_Ex,2040,42
EL54,Wind_Ex,2045,42
EL54,Wind_Ex,2050,42
EL61,Wind,2023,45.5
EL61,Wind,2025,44.5
EL61,Wind,2030,42
EL61,Wind,2035,42
EL61,Wind,2040,42
EL61,Wind,2045,42
EL61,Wind,2050,42
EL61,Wind_Ex,2023,45.5
EL61,Wind_Ex,2025,44.5
EL61,Wind_Ex,2030,42
EL61,Wind_Ex,2035,42
EL61,Wind_Ex,2040,42
EL61,Wind_Ex,2045,42
EL61,Wind_Ex,2050,42
EL62,Wind,2023,45.5
EL62,Wind,2025,44.5
EL62,Wind,2030,42
EL62,Wind,2035,42
EL62,Wind,2040,42
EL62,Wind,2045,42
EL62,Wind,2050,42
EL62,Wind_Ex,2023,45.5
EL62,Wind_Ex,2025,44.5
EL62,Wind_Ex,2030,42
EL62,Wind_Ex,2035,42
EL62,Wind_Ex,2040,42
EL62,Wind_Ex,2045,42
EL62,Wind_Ex,2050,42
EL63,Wind,2023,45.5
EL63,Wind,2025,44.5
EL63,Wind,2030,42
EL63,Wind,2035,42
EL63,Wind,2040,42
EL63,Wind,2045,42
EL63,Wind,2050,42
EL63,Wind_Ex,2023,45.5
EL63,Wind_Ex,2025,44.5
EL63,Wind_Ex,2030,42
EL63,Wind_Ex,2035,42
EL63,Wind_Ex,2040,42
EL63,Wind_Ex,2045,42
EL63,Wind_Ex,2050,42
EL64,Wind,2023,45.5
EL64,Wind,2025,44.5
EL64,Wind,2030,42
EL64,Wind,2035,42
EL64,Wind,2040,42
EL64,Wind,2045,42
EL64,Wind,2050,42
EL64,Wind_Ex,2023,45.5
EL64,Wind_Ex,2025,44.5
EL64,Wind_Ex,2030,42
EL64,Wind_Ex,2035,42
EL64,Wind_Ex,2040,42
EL64,Wind_Ex,2045,42
EL64,Wind_Ex,2050,42
EL30,Wind,2023,45.5
EL30,Wind,2025,44.5
EL30,Wind,2030,42
EL30,Wind,2035,42
EL30,Wind,2040,42
EL30,Wind,2045,42
EL30,Wind,2050,42
EL30,Wind_Ex,2023,45.5
EL30,Wind_Ex,2025,44.5
EL30,Wind_Ex,2030,42
EL30,Wind_Ex,2035,42
EL30,Wind_Ex,2040,42
EL30,Wind_Ex,2045,42
EL30,Wind_Ex,2050,42
EL65,Wind,2023,45.5
EL65,Wind,2025,44.5
EL65,Wind,2030,42
EL65,Wind,2035,42
EL65,Wind,2040,42
EL65,Wind,2045,42
EL65,Wind,2050,42
EL65,Wind_Ex,2023,45.5
EL65,Wind_Ex,2025,44.5
EL65,Wind_Ex,2030,42
EL65,Wind_Ex,2035,42
EL65,Wind_Ex,2040,42
EL65,Wind_Ex,2045,42
EL65,Wind_Ex,2050,42
Crete,Xilokamara,2023,36.81
Crete,Xilokamara,2025,36.81
Crete,Xilokamara,2030,36.81
Crete,Xilokamara,2035,36.81
Crete,Xilokamara,2040,36.81
Crete,Xilokamara,2045,36.81
Crete,Xilokamara,2050,36.81
Crete,OffshoreWind,2023,67.5
Crete,OffshoreWind,2025,62.5
Crete,OffshoreWind,2030,50
Crete,OffshoreWind,2035,46.3
Crete,OffshoreWind,2040,42.5
Crete,OffshoreWind,2045,38.8
Crete,OffshoreWind,2050,35
Crete,Wind,2023,45.5
Crete,Wind,2025,44.5
Crete,Wind,2030,42
Crete,Wind,2035,42
Crete,Wind,2040,42
Crete,Wind,2045,42
Crete,Wind,2050,42
Crete,Wind_Ex,2023,45.5
Crete,Wind_Ex,2025,44.5
Crete,Wind_Ex,2030,42
Crete,Wind_Ex,2035,42
Crete,Wind_Ex,2040,42
Crete,Wind_Ex,2045,42
Crete,Wind_Ex,2050,42
Crete,RooftopPV,2023,19.75
Crete,RooftopPV,2025,19.5
Crete,RooftopPV,2030,18
Crete,RooftopPV,2035,18
Crete,RooftopPV,2040,18
Crete,RooftopPV,2045,18
Crete,RooftopPV,2050,18
Crete,RooftopPV_Ex,2023,19.75
Crete,RooftopPV_Ex,2025,19.5
Crete,RooftopPV_Ex,2030,18
Crete,RooftopPV_Ex,2035,18
Crete,RooftopPV_Ex,2040,18
Crete,RooftopPV_Ex,2045,18
Crete,RooftopPV_Ex,2050,18
Crete,PV,2023,14
Crete,PV,2025,14
Crete,PV,2030,14
Crete,PV,2035,13.5
Crete,PV,2040,13
Crete,PV,2045,12.5
Crete,PV,2050,12
Crete,PV_Ex,2023,14
Crete,PV_Ex,2025,14
Crete,PV_Ex,2030,14
Crete,PV_Ex,2035,13.5
Crete,PV_Ex,2040,13
Crete,PV_Ex,2045,12.5
Crete,PV_Ex,2050,12
Crete,RoR,2023,80
Crete,RoR,2025,80
Crete,RoR,2030,80
Crete,RoR,2035,80
Crete,RoR,2040,80
Crete,RoR,2045,80
Crete,RoR,2050,80
Crete,RoR_Ex,2023,80
Crete,RoR_Ex,2025,80
Crete,RoR_Ex,2030,80
Crete,RoR_Ex,2035,80
Crete,RoR_Ex,2040,80
Crete,RoR_Ex,2045,80
Crete,RoR_Ex,2050,80
THIRA,OffshoreWind,2023,67.5
THIRA,OffshoreWind,2025,62.5
THIRA,OffshoreWind,2030,50
THIRA,OffshoreWind,2035,46.3
THIRA,OffshoreWind,2040,42.5
THIRA,OffshoreWind,2045,38.8
THIRA,OffshoreWind,2050,35
THIRA,Wind,2023,45.5
THIRA,Wind,2025,44.5
THIRA,Wind,2030,42
THIRA,Wind,2035,42
THIRA,Wind,2040,42
THIRA,Wind,2045,42
THIRA,Wind,2050,42
THIRA,Wind_Ex,2023,45.5
THIRA,Wind_Ex,2025,44.5
THIRA,Wind_Ex,2030,42
THIRA,Wind_Ex,2035,42
THIRA,Wind_Ex,2040,42
THIRA,Wind_Ex,2045,42
THIRA,Wind_Ex,2050,42
THIRA,RooftopPV,2023,19.75
THIRA,RooftopPV,2025,19.5
THIRA,RooftopPV,2030,18
THIRA,RooftopPV,2035,18
THIRA,RooftopPV,2040,18
THIRA,RooftopPV,2045,18
THIRA,RooftopPV,2050,18
THIRA,RooftopPV_Ex,2023,19.75
THIRA,RooftopPV_Ex,2025,19.5
THIRA,RooftopPV_Ex,2030,18
THIRA,RooftopPV_Ex,2035,18
THIRA,RooftopPV_Ex,2040,18
THIRA,RooftopPV_Ex,2045,18
THIRA,RooftopPV_Ex,2050,18
THIRA,PV,2023,14
THIRA,PV,2025,14
THIRA,PV,2030,14
THIRA,PV,2035,13.5
THIRA,PV,2040,13
THIRA,PV,2045,12.5
THIRA,PV,2050,12
THIRA,PV_Ex,2023,14
THIRA,PV_Ex,2025,14
THIRA,PV_Ex,2030,14
THIRA,PV_Ex,2035,13.5
THIRA,PV_Ex,2040,13
THIRA,PV_Ex,2045,12.5
THIRA,PV_Ex,2050,12
CHIOS,OffshoreWind,2023,67.5
CHIOS,OffshoreWind,2025,62.5
CHIOS,OffshoreWind,2030,50
CHIOS,OffshoreWind,2035,46.3
CHIOS,OffshoreWind,2040,42.5
CHIOS,OffshoreWind,2045,38.8
CHIOS,OffshoreWind,2050,35
CHIOS,Wind,2023,45.5
CHIOS,Wind,2025,44.5
CHIOS,Wind,2030,42
CHIOS,Wind,2035,42
CHIOS,Wind,2040,42
CHIOS,Wind,2045,42
CHIOS,Wind,2050,42
CHIOS,Wind_Ex,2023,45.5
CHIOS,Wind_Ex,2025,44.5
CHIOS,Wind_Ex,2030,42
CHIOS,Wind_Ex,2035,42
CHIOS,Wind_Ex,2040,42
CHIOS,Wind_Ex,2045,42
CHIOS,Wind_Ex,2050,42
CHIOS,RooftopPV,2023,19.75
CHIOS,RooftopPV,2025,19.5
CHIOS,RooftopPV,2030,18
CHIOS,RooftopPV,2035,18
CHIOS,RooftopPV,2040,18
CHIOS,RooftopPV,2045,18
CHIOS,RooftopPV,2050,18
CHIOS,RooftopPV_Ex,2023,19.75
CHIOS,RooftopPV_Ex,2025,19.5
CHIOS,RooftopPV_Ex,2030,18
CHIOS,RooftopPV_Ex,2035,18
CHIOS,RooftopPV_Ex,2040,18
CHIOS,RooftopPV_Ex,2045,18
CHIOS,RooftopPV_Ex,2050,18
CHIOS,PV,2023,14
CHIOS,PV,2025,14
CHIOS,PV,2030,14
CHIOS,PV,2035,13.5
CHIOS,PV,2040,13
CHIOS,PV,2045,12.5
CHIOS,PV,2050,12
CHIOS,PV_Ex,2023,14
CHIOS,PV_Ex,2025,14
CHIOS,PV_Ex,2030,14
CHIOS,PV_Ex,2035,13.5
CHIOS,PV_Ex,2040,13
CHIOS,PV_Ex,2045,12.5
CHIOS,PV_Ex,2050,12
SAMOS,OffshoreWind,2023,67.5
SAMOS,OffshoreWind,2025,62.5
SAMOS,OffshoreWind,2030,50
SAMOS,OffshoreWind,2035,46.3
SAMOS,OffshoreWind,2040,42.5
SAMOS,OffshoreWind,2045,38.8
SAMOS,OffshoreWind,2050,35
SAMOS,Wind,2023,45.5
SAMOS,Wind,2025,44.5
SAMOS,Wind,2030,42
SAMOS,Wind,2035,42
SAMOS,Wind,2040,42
SAMOS,Wind,2045,42
SAMOS,Wind,2050,42
SAMOS,Wind_Ex,2023,45.5
SAMOS,Wind_Ex,2025,44.5
SAMOS,Wind_Ex,2030,42
SAMOS,Wind_Ex,2035,42
SAMOS,Wind_Ex,2040,42
SAMOS,Wind_Ex,2045,42
SAMOS,Wind_Ex,2050,42
SAMOS,RooftopPV,2023,19.75
SAMOS,RooftopPV,2025,19.5
SAMOS,RooftopPV,2030,18
SAMOS,RooftopPV,2035,18
SAMOS,RooftopPV,2040,18
SAMOS,RooftopPV,2045,18
SAMOS,RooftopPV,2050,18
SAMOS,RooftopPV_Ex,2023,19.75
SAMOS,RooftopPV_Ex,2025,19.5
SAMOS,RooftopPV_Ex,2030,18
SAMOS,RooftopPV_Ex,2035,18
SAMOS,RooftopPV_Ex,2040,18
SAMOS,RooftopPV_Ex,2045,18
SAMOS,RooftopPV_Ex,2050,18
SAMOS,PV,2023,14
SAMOS,PV,2025,14
SAMOS,PV,2030,14
SAMOS,PV,2035,13.5
SAMOS,PV,2040,13
SAMOS,PV,2045,12.5
SAMOS,PV,2050,12
SAMOS,PV_Ex,2023,14
SAMOS,PV_Ex,2025,14
SAMOS,PV_Ex,2030,14
SAMOS,PV_Ex,2035,13.5
SAMOS,PV_Ex,2040,13
SAMOS,PV_Ex,2045,12.5
SAMOS,PV_Ex,2050,12
LESVOS,OffshoreWind,2023,67.5
LESVOS,OffshoreWind,2025,62.5
LESVOS,OffshoreWind,2030,50
LESVOS,OffshoreWind,2035,46.3
LESVOS,OffshoreWind,2040,42.5
LESVOS,OffshoreWind,2045,38.8
LESVOS,OffshoreWind,2050,35
LESVOS,Wind,2023,45.5
LESVOS,Wind,2025,44.5
LESVOS,Wind,2030,42
LESVOS,Wind,2035,42
LESVOS,Wind,2040,42
LESVOS,Wind,2045,42
LESVOS,Wind,2050,42
LESVOS,Wind_Ex,2023,45.5
LESVOS,Wind_Ex,2025,44.5
LESVOS,Wind_Ex,2030,42
LESVOS,Wind_Ex,2035,42
LESVOS,Wind_Ex,2040,42
LESVOS,Wind_Ex,2045,42
LESVOS,Wind_Ex,2050,42
LESVOS,RooftopPV,2023,19.75
LESVOS,RooftopPV,2025,19.5
LESVOS,RooftopPV,2030,18
LESVOS,RooftopPV,2035,18
LESVOS,RooftopPV,2040,18
LESVOS,RooftopPV,2045,18
LESVOS,RooftopPV,2050,18
LESVOS,RooftopPV_Ex,2023,19.75
LESVOS,RooftopPV_Ex,2025,19.5
LESVOS,RooftopPV_Ex,2030,18
LESVOS,RooftopPV_Ex,2035,18
LESVOS,RooftopPV_Ex,2040,18
LESVOS,RooftopPV_Ex,2045,18
LESVOS,RooftopPV_Ex,2050,18
LESVOS,PV,2023,14
LESVOS,PV,2025,14
LESVOS,PV,2030,14
LESVOS,PV,2035,13.5
LESVOS,PV,2040,13
LESVOS,PV,2045,12.5
LESVOS,PV,2050,12
LESVOS,PV_Ex,2023,14
LESVOS,PV_Ex,2025,14
LESVOS,PV_Ex,2030,14
LESVOS,PV_Ex,2035,13.5
LESVOS,PV_Ex,2040,13
LESVOS,PV_Ex,2045,12.5
LESVOS,PV_Ex,2050,12
LEMNOS,OffshoreWind,2023,67.5
LEMNOS,OffshoreWind,2025,62.5
LEMNOS,OffshoreWind,2030,50
LEMNOS,OffshoreWind,2035,46.3
LEMNOS,OffshoreWind,2040,42.5
LEMNOS,OffshoreWind,2045,38.8
LEMNOS,OffshoreWind,2050,35
LEMNOS,Wind,2023,45.5
LEMNOS,Wind,2025,44.5
LEMNOS,Wind,2030,42
LEMNOS,Wind,2035,42
LEMNOS,Wind,2040,42
LEMNOS,Wind,2045,42
LEMNOS,Wind,2050,42
LEMNOS,Wind_Ex,2023,45.5
LEMNOS,Wind_Ex,2025,44.5
LEMNOS,Wind_Ex,2030,42
LEMNOS,Wind_Ex,2035,42
LEMNOS,Wind_Ex,2040,42
LEMNOS,Wind_Ex,2045,42
LEMNOS,Wind_Ex,2050,42
LEMNOS,RooftopPV,2023,19.75
LEMNOS,RooftopPV,2025,19.5
LEMNOS,RooftopPV,2030,18
LEMNOS,RooftopPV,2035,18
LEMNOS,RooftopPV,2040,18
LEMNOS,RooftopPV,2045,18
LEMNOS,RooftopPV,2050,18
LEMNOS,RooftopPV_Ex,2023,19.75
LEMNOS,RooftopPV_Ex,2025,19.5
LEMNOS,RooftopPV_Ex,2030,18
LEMNOS,RooftopPV_Ex,2035,18
LEMNOS,RooftopPV_Ex,2040,18
LEMNOS,RooftopPV_Ex,2045,18
LEMNOS,RooftopPV_Ex,2050,18
LEMNOS,PV,2023,14
LEMNOS,PV,2025,14
LEMNOS,PV,2030,14
LEMNOS,PV,2035,13.5
LEMNOS,PV,2040,13
LEMNOS,PV,2045,12.5
LEMNOS,PV,2050,12
LEMNOS,PV_Ex,2023,14
LEMNOS,PV_Ex,2025,14
LEMNOS,PV_Ex,2030,14
LEMNOS,PV_Ex,2035,13.5
LEMNOS,PV_Ex,2040,13
LEMNOS,PV_Ex,2045,12.5
LEMNOS,PV_Ex,2050,12
RODOS,OffshoreWind,2023,67.5
RODOS,OffshoreWind,2025,62.5
RODOS,OffshoreWind,2030,50
RODOS,OffshoreWind,2035,46.3
RODOS,OffshoreWind,2040,42.5
RODOS,OffshoreWind,2045,38.8
RODOS,OffshoreWind,2050,35
RODOS,Wind,2023,45.5
RODOS,Wind,2025,44.5
RODOS,Wind,2030,42
RODOS,Wind,2035,42
RODOS,Wind,2040,42
RODOS,Wind,2045,42
RODOS,Wind,2050,42
RODOS,Wind_Ex,2023,45.5
RODOS,Wind_Ex,2025,44.5
RODOS,Wind_Ex,2030,42
RODOS,Wind_Ex,2035,42
RODOS,Wind_Ex,2040,42
RODOS,Wind_Ex,2045,42
RODOS,Wind_Ex,2050,42
RODOS,RooftopPV,2023,19.75
RODOS,RooftopPV,2025,19.5
RODOS,RooftopPV,2030,18
RODOS,RooftopPV,2035,18
RODOS,RooftopPV,2040,18
RODOS,RooftopPV,2045,18
RODOS,RooftopPV,2050,18
RODOS,RooftopPV_Ex,2023,19.75
RODOS,RooftopPV_Ex,2025,19.5
RODOS,RooftopPV_Ex,2030,18
RODOS,RooftopPV_Ex,2035,18
RODOS,RooftopPV_Ex,2040,18
RODOS,RooftopPV_Ex,2045,18
RODOS,RooftopPV_Ex,2050,18
RODOS,PV,2023,14
RODOS,PV,2025,14
RODOS,PV,2030,14
RODOS,PV,2035,13.5
RODOS,PV,2040,13
RODOS,PV,2045,12.5
RODOS,PV,2050,12
RODOS,PV_Ex,2023,14
RODOS,PV_Ex,2025,14
RODOS,PV_Ex,2030,14
RODOS,PV_Ex,2035,13.5
RODOS,PV_Ex,2040,13
RODOS,PV_Ex,2045,12.5
RODOS,PV_Ex,2050,12
KOS,OffshoreWind,2023,67.5
KOS,OffshoreWind,2025,62.5
KOS,OffshoreWind,2030,50
KOS,OffshoreWind,2035,46.3
KOS,OffshoreWind,2040,42.5
KOS,OffshoreWind,2045,38.8
KOS,OffshoreWind,2050,35
KOS,Wind,2023,45.5
KOS,Wind,2025,44.5
KOS,Wind,2030,42
KOS,Wind,2035,42
KOS,Wind,2040,42
KOS,Wind,2045,42
KOS,Wind,2050,42
KOS,Wind_Ex,2023,45.5
KOS,Wind_Ex,2025,44.5
KOS,Wind_Ex,2030,42
KOS,Wind_Ex,2035,42
KOS,Wind_Ex,2040,42
KOS,Wind_Ex,2045,42
KOS,Wind_Ex,2050,42
KOS,RooftopPV,2023,19.75
KOS,RooftopPV,2025,19.5
KOS,RooftopPV,2030,18
KOS,RooftopPV,2035,18
KOS,RooftopPV,2040,18
KOS,RooftopPV,2045,18
KOS,RooftopPV,2050,18
KOS,RooftopPV_Ex,2023,19.75
KOS,RooftopPV_Ex,2025,19.5
KOS,RooftopPV_Ex,2030,18
KOS,RooftopPV_Ex,2035,18
KOS,RooftopPV_Ex,2040,18
KOS,RooftopPV_Ex,2045,18
KOS,RooftopPV_Ex,2050,18
KOS,PV,2023,14
KOS,PV,2025,14
KOS,PV,2030,14
KOS,PV,2035,13.5
KOS,PV,2040,13
KOS,PV,2045,12.5
KOS,PV,2050,12
KOS,PV_Ex,2023,14
KOS,PV_Ex,2025,14
KOS,PV_Ex,2030,14
KOS,PV_Ex,2035,13.5
KOS,PV_Ex,2040,13
KOS,PV_Ex,2045,12.5
KOS,PV_Ex,2050,12
KARPATHOS,OffshoreWind,2023,67.5
KARPATHOS,OffshoreWind,2025,62.5
KARPATHOS,OffshoreWind,2030,50
KARPATHOS,OffshoreWind,2035,46.3
KARPATHOS,OffshoreWind,2040,42.5
KARPATHOS,OffshoreWind,2045,38.8
KARPATHOS,OffshoreWind,2050,35
KARPATHOS,Wind,2023,45.5
KARPATHOS,Wind,2025,44.5
KARPATHOS,Wind,2030,42
KARPATHOS,Wind,2035,42
KARPATHOS,Wind,2040,42
KARPATHOS,Wind,2045,42
KARPATHOS,Wind,2050,42
KARPATHOS,Wind_Ex,2023,45.5
KARPATHOS,Wind_Ex,2025,44.5
KARPATHOS,Wind_Ex,2030,42
KARPATHOS,Wind_Ex,2035,42
KARPATHOS,Wind_Ex,2040,42
KARPATHOS,Wind_Ex,2045,42
KARPATHOS,Wind_Ex,2050,42
KARPATHOS,RooftopPV,2023,19.75
KARPATHOS,RooftopPV,2025,19.5
KARPATHOS,RooftopPV,2030,18
KARPATHOS,RooftopPV,2035,18
KARPATHOS,RooftopPV,2040,18
KARPATHOS,RooftopPV,2045,18
KARPATHOS,RooftopPV,2050,18
KARPATHOS,RooftopPV_Ex,2023,19.75
KARPATHOS,RooftopPV_Ex,2025,19.5
KARPATHOS,RooftopPV_Ex,2030,18
KARPATHOS,RooftopPV_Ex,2035,18
KARPATHOS,RooftopPV_Ex,2040,18
KARPATHOS,RooftopPV_Ex,2045,18
KARPATHOS,RooftopPV_Ex,2050,18
KARPATHOS,PV,2023,14
KARPATHOS,PV,2025,14
KARPATHOS,PV,2030,14
KARPATHOS,PV,2035,13.5
KARPATHOS,PV,2040,13
KARPATHOS,PV,2045,12.5
KARPATHOS,PV,2050,12
KARPATHOS,PV_Ex,2023,14
KARPATHOS,PV_Ex,2025,14
KARPATHOS,PV_Ex,2030,14
KARPATHOS,PV_Ex,2035,13.5
KARPATHOS,PV_Ex,2040,13
KARPATHOS,PV_Ex,2045,12.5
KARPATHOS,PV_Ex,2050,12
SKYROS,OffshoreWind,2023,67.5
SKYROS,OffshoreWind,2025,62.5
SKYROS,OffshoreWind,2030,50
SKYROS,OffshoreWind,2035,46.3
SKYROS,OffshoreWind,2040,42.5
SKYROS,OffshoreWind,2045,38.8
SKYROS,OffshoreWind,2050,35
SKYROS,Wind,2023,45.5
SKYROS,Wind,2025,44.5
SKYROS,Wind,2030,42
SKYROS,Wind,2035,42
SKYROS,Wind,2040,42
SKYROS,Wind,2045,42
SKYROS,Wind,2050,42
SKYROS,Wind_Ex,2023,45.5
SKYROS,Wind_Ex,2025,44.5
SKYROS,Wind_Ex,2030,42
SKYROS,Wind_Ex,2035,42
SKYROS,Wind_Ex,2040,42
SKYROS,Wind_Ex,2045,42
SKYROS,Wind_Ex,2050,42
SKYROS,RooftopPV,2023,19.75
SKYROS,RooftopPV,2025,19.5
SKYROS,RooftopPV,2030,18
SKYROS,RooftopPV,2035,18
SKYROS,RooftopPV,2040,18
SKYROS,RooftopPV,2045,18
SKYROS,RooftopPV,2050,18
SKYROS,RooftopPV_Ex,2023,19.75
SKYROS,RooftopPV_Ex,2025,19.5
SKYROS,RooftopPV_Ex,2030,18
SKYROS,RooftopPV_Ex,2035,18
SKYROS,RooftopPV_Ex,2040,18
SKYROS,RooftopPV_Ex,2045,18
SKYROS,RooftopPV_Ex,2050,18
SKYROS,PV,2023,14
SKYROS,PV,2025,14
SKYROS,PV,2030,14
SKYROS,PV,2035,13.5
SKYROS,PV,2040,13
SKYROS,PV,2045,12.5
SKYROS,PV,2050,12
SKYROS,PV_Ex,2023,14
SKYROS,PV_Ex,2025,14
SKYROS,PV_Ex,2030,14
SKYROS,PV_Ex,2035,13.5
SKYROS,PV_Ex,2040,13
SKYROS,PV_Ex,2045,12.5
SKYROS,PV_Ex,2050,12
SERIFOS,OffshoreWind,2023,67.5
SERIFOS,OffshoreWind,2025,62.5
SERIFOS,OffshoreWind,2030,50
SERIFOS,OffshoreWind,2035,46.3
SERIFOS,OffshoreWind,2040,42.5
SERIFOS,OffshoreWind,2045,38.8
SERIFOS,OffshoreWind,2050,35
SERIFOS,Wind,2023,45.5
SERIFOS,Wind,2025,44.5
SERIFOS,Wind,2030,42
SERIFOS,Wind,2035,42
SERIFOS,Wind,2040,42
SERIFOS,Wind,2045,42
SERIFOS,Wind,2050,42
SERIFOS,Wind_Ex,2023,45.5
SERIFOS,Wind_Ex,2025,44.5
SERIFOS,Wind_Ex,2030,42
SERIFOS,Wind_Ex,2035,42
SERIFOS,Wind_Ex,2040,42
SERIFOS,Wind_Ex,2045,42
SERIFOS,Wind_Ex,2050,42
SERIFOS,RooftopPV,2023,19.75
SERIFOS,RooftopPV,2025,19.5
SERIFOS,RooftopPV,2030,18
SERIFOS,RooftopPV,2035,18
SERIFOS,RooftopPV,2040,18
SERIFOS,RooftopPV,2045,18
SERIFOS,RooftopPV,2050,18
SERIFOS,RooftopPV_Ex,2023,19.75
SERIFOS,RooftopPV_Ex,2025,19.5
SERIFOS,RooftopPV_Ex,2030,18
SERIFOS,RooftopPV_Ex,2035,18
SERIFOS,RooftopPV_Ex,2040,18
SERIFOS,RooftopPV_Ex,2045,18
SERIFOS,RooftopPV_Ex,2050,18
SERIFOS,PV,2023,14
SERIFOS,PV,2025,14
SERIFOS,PV,2030,14
SERIFOS,PV,2035,13.5
SERIFOS,PV,2040,13
SERIFOS,PV,2045,12.5
SERIFOS,PV,2050,12
SERIFOS,PV_Ex,2023,14
SERIFOS,PV_Ex,2025,14
SERIFOS,PV_Ex,2030,14
SERIFOS,PV_Ex,2035,13.5
SERIFOS,PV_Ex,2040,13
SERIFOS,PV_Ex,2045,12.5
SERIFOS,PV_Ex,2050,12
EL51,BackStop,2023,99999
EL51,BackStop,2025,99999
EL51,BackStop,2030,99999
EL51,BackStop,2035,99999
EL51,BackStop,2040,99999
EL51,BackStop,2045,99999
EL51,BackStop,2050,99999
EL52,BackStop,2023,99999
EL52,BackStop,2025,99999
EL52,BackStop,2030,99999
EL52,BackStop,2035,99999
EL52,BackStop,2040,99999
EL52,BackStop,2045,99999
EL52,BackStop,2050,99999
EL53,BackStop,2023,99999
EL53,BackStop,2025,99999
EL53,BackStop,2030,99999
EL53,BackStop,2035,99999
EL53,BackStop,2040,99999
EL53,BackStop,2045,99999
EL53,BackStop,2050,99999
EL54,BackStop,2023,99999
EL54,BackStop,2025,99999
EL54,BackStop,2030,99999
EL54,BackStop,2035,99999
EL54,BackStop,2040,99999
EL54,BackStop,2045,99999
EL54,BackStop,2050,99999
EL61,BackStop,2023,99999
EL61,BackStop,2025,99999
EL61,BackStop,2030,99999
EL61,BackStop,2035,99999
EL61,BackStop,2040,99999
EL61,BackStop,2045,99999
EL61,BackStop,2050,99999
EL62,BackStop,2023,99999
EL62,BackStop,2025,99999
EL62,BackStop,2030,99999
EL62,BackStop,2035,99999
EL62,BackStop,2040,99999
EL62,BackStop,2045,99999
EL62,BackStop,2050,99999
EL63,BackStop,2023,99999
EL63,BackStop,2025,99999
EL63,BackStop,2030,99999
EL63,BackStop,2035,99999
EL63,BackStop,2040,99999
EL63,BackStop,2045,99999
EL63,BackStop,2050,99999
EL64,BackStop,2023,99999
EL64,BackStop,2025,99999
EL64,BackStop,2030,99999
EL64,BackStop,2035,99999
EL64,BackStop,2040,99999
EL64,BackStop,2045,99999
EL64,BackStop,2050,99999
EL30,BackStop,2023,99999
EL30,BackStop,2025,99999
EL30,BackStop,2030,99999
EL30,BackStop,2035,99999
EL30,BackStop,2040,99999
EL30,BackStop,2045,99999
EL30,BackStop,2050,99999
EL65,BackStop,2023,99999
EL65,BackStop,2025,99999
EL65,BackStop,2030,99999
EL65,BackStop,2035,99999
EL65,BackStop,2040,99999
EL65,BackStop,2045,99999
EL65,BackStop,2050,99999
