REGION,TECHNOLOGY,MODE_OF_OPERATION,YEAR,VALUE
EL53,Ag_Dimitriou_I,1,2023,0.33
EL53,Ag_Dimitriou_I,1,2025,0.33
EL53,Ag_Dimitriou_I,1,2030,0.33
EL53,Ag_Dimitriou_I,1,2035,0.33
EL53,Ag_Dimitriou_I,1,2040,0.33
EL53,Ag_Dimitriou_I,1,2045,0.33
EL53,Ag_Dimitriou_I,1,2050,0.33
EL53,Ag_Dimitriou_II,1,2023,0.33
EL53,Ag_Dimitriou_II,1,2025,0.33
EL53,Ag_Dimitriou_II,1,2030,0.33
EL53,Ag_Dimitriou_II,1,2035,0.33
EL53,Ag_Dimitriou_II,1,2040,0.33
EL53,Ag_Dimitriou_II,1,2045,0.33
EL53,Ag_Dimitriou_II,1,2050,0.33
EL53,Ag_Dimitriou_III,1,2023,0.33
EL53,Ag_Dimitriou_III,1,2025,0.33
EL53,Ag_Dimitriou_III,1,2030,0.33
EL53,Ag_Dimitriou_III,1,2035,0.33
EL53,Ag_Dimitriou_III,1,2040,0.33
EL53,Ag_Dimitriou_III,1,2045,0.33
EL53,Ag_Dimitriou_III,1,2050,0.33
EL53,Ag_Dimitriou_IV,1,2023,0.33
EL53,Ag_Dimitriou_IV,1,2025,0.33
EL53,Ag_Dimitriou_IV,1,2030,0.33
EL53,Ag_Dimitriou_IV,1,2035,0.33
EL53,Ag_Dimitriou_IV,1,2040,0.33
EL53,Ag_Dimitriou_IV,1,2045,0.33
EL53,Ag_Dimitriou_IV,1,2050,0.33
EL53,Ag_Dimitriou_V,1,2023,0.33
EL53,Ag_Dimitriou_V,1,2025,0.33
EL53,Ag_Dimitriou_V,1,2030,0.33
EL53,Ag_Dimitriou_V,1,2035,0.33
EL53,Ag_Dimitriou_V,1,2040,0.33
EL53,Ag_Dimitriou_V,1,2045,0.33
EL53,Ag_Dimitriou_V,1,2050,0.33
EL52,Agra,1,2023,0.09
EL52,Agra,1,2025,0.09
EL52,Agra,1,2030,0.09
EL52,Agra,1,2035,0.09
EL52,Agra,1,2040,0.09
EL52,Agra,1,2045,0.09
EL52,Agra,1,2050,0.09
EL64,AIS_Aliveriou,1,2023,0.69
EL64,AIS_Aliveriou,1,2025,0.69
EL64,AIS_Aliveriou,1,2030,0.69
EL64,AIS_Aliveriou,1,2035,0.69
EL64,AIS_Aliveriou,1,2040,0.69
EL64,AIS_Aliveriou,1,2045,0.69
EL64,AIS_Aliveriou,1,2050,0.69
EL51,AIS_Komotinis,1,2023,0.69
EL51,AIS_Komotinis,1,2025,0.69
EL51,AIS_Komotinis,1,2030,0.69
EL51,AIS_Komotinis,1,2035,0.69
EL51,AIS_Komotinis,1,2040,0.69
EL51,AIS_Komotinis,1,2045,0.69
EL51,AIS_Komotinis,1,2050,0.69
EL30,AIS_Lavriou_IV,1,2023,0.69
EL30,AIS_Lavriou_IV,1,2025,0.69
EL30,AIS_Lavriou_IV,1,2030,0.69
EL30,AIS_Lavriou_IV,1,2035,0.69
EL30,AIS_Lavriou_IV,1,2040,0.69
EL30,AIS_Lavriou_IV,1,2045,0.69
EL30,AIS_Lavriou_IV,1,2050,0.69
EL30,AIS_Lavriou_V,1,2023,0.69
EL30,AIS_Lavriou_V,1,2025,0.69
EL30,AIS_Lavriou_V,1,2030,0.69
EL30,AIS_Lavriou_V,1,2035,0.69
EL30,AIS_Lavriou_V,1,2040,0.69
EL30,AIS_Lavriou_V,1,2045,0.69
EL30,AIS_Lavriou_V,1,2050,0.69
EL65,AIS_Megalopoli_V,1,2023,0.69
EL65,AIS_Megalopoli_V,1,2025,0.69
EL65,AIS_Megalopoli_V,1,2030,0.69
EL65,AIS_Megalopoli_V,1,2035,0.69
EL65,AIS_Megalopoli_V,1,2040,0.69
EL65,AIS_Megalopoli_V,1,2045,0.69
EL65,AIS_Megalopoli_V,1,2050,0.69
EL64,Alouminion,1,2023,0.69
EL64,Alouminion,1,2025,0.69
EL64,Alouminion,1,2030,0.69
EL64,Alouminion,1,2035,0.69
EL64,Alouminion,1,2040,0.69
EL64,Alouminion,1,2045,0.69
EL64,Alouminion,1,2050,0.69
EL52,Asomaton,1,2023,0.09
EL52,Asomaton,1,2025,0.09
EL52,Asomaton,1,2030,0.09
EL52,Asomaton,1,2035,0.09
EL52,Asomaton,1,2040,0.09
EL52,Asomaton,1,2045,0.09
EL52,Asomaton,1,2050,0.09
Crete,Atherinolakos,1,2023,1.66
Crete,Atherinolakos,1,2025,1.66
Crete,Atherinolakos,1,2030,1.66
Crete,Atherinolakos,1,2035,1.66
Crete,Atherinolakos,1,2040,1.66
Crete,Atherinolakos,1,2045,1.66
Crete,Atherinolakos,1,2050,1.66
Crete,Atherinolakos_Diesel,1,2023,1.37
Crete,Atherinolakos_Diesel,1,2025,1.37
Crete,Atherinolakos_Diesel,1,2030,1.37
Crete,Atherinolakos_Diesel,1,2035,1.37
Crete,Atherinolakos_Diesel,1,2040,1.37
Crete,Atherinolakos_Diesel,1,2045,1.37
Crete,Atherinolakos_Diesel,1,2050,1.37
EL51,BackStop,1,2023,9999
EL51,BackStop,1,2025,9999
EL51,BackStop,1,2030,9999
EL51,BackStop,1,2035,9999
EL51,BackStop,1,2040,9999
EL51,BackStop,1,2045,9999
EL51,BackStop,1,2050,9999
EL52,BackStop,1,2023,9999
EL52,BackStop,1,2025,9999
EL52,BackStop,1,2030,9999
EL52,BackStop,1,2035,9999
EL52,BackStop,1,2040,9999
EL52,BackStop,1,2045,9999
EL52,BackStop,1,2050,9999
EL53,BackStop,1,2023,9999
EL53,BackStop,1,2025,9999
EL53,BackStop,1,2030,9999
EL53,BackStop,1,2035,9999
EL53,BackStop,1,2040,9999
EL53,BackStop,1,2045,9999
EL53,BackStop,1,2050,9999
EL54,BackStop,1,2023,9999
EL54,BackStop,1,2025,9999
EL54,BackStop,1,2030,9999
EL54,BackStop,1,2035,9999
EL54,BackStop,1,2040,9999
EL54,BackStop,1,2045,9999
EL54,BackStop,1,2050,9999
EL61,BackStop,1,2023,9999
EL61,BackStop,1,2025,9999
EL61,BackStop,1,2030,9999
EL61,BackStop,1,2035,9999
EL61,BackStop,1,2040,9999
EL61,BackStop,1,2045,9999
EL61,BackStop,1,2050,9999
EL62,BackStop,1,2023,9999
EL62,BackStop,1,2025,9999
EL62,BackStop,1,2030,9999
EL62,BackStop,1,2035,9999
EL62,BackStop,1,2040,9999
EL62,BackStop,1,2045,9999
EL62,BackStop,1,2050,9999
EL63,BackStop,1,2023,9999
EL63,BackStop,1,2025,9999
EL63,BackStop,1,2030,9999
EL63,BackStop,1,2035,9999
EL63,BackStop,1,2040,9999
EL63,BackStop,1,2045,9999
EL63,BackStop,1,2050,9999
EL64,BackStop,1,2023,9999
EL64,BackStop,1,2025,9999
EL64,BackStop,1,2030,9999
EL64,BackStop,1,2035,9999
EL64,BackStop,1,2040,9999
EL64,BackStop,1,2045,9999
EL64,BackStop,1,2050,9999
EL30,BackStop,1,2023,9999
EL30,BackStop,1,2025,9999
EL30,BackStop,1,2030,9999
EL30,BackStop,1,2035,9999
EL30,BackStop,1,2040,9999
EL30,BackStop,1,2045,9999
EL30,BackStop,1,2050,9999
EL65,BackStop,1,2023,9999
EL65,BackStop,1,2025,9999
EL65,BackStop,1,2030,9999
EL65,BackStop,1,2035,9999
EL65,BackStop,1,2040,9999
EL65,BackStop,1,2045,9999
EL65,BackStop,1,2050,9999
EL51,Biomass,1,2023,1.05
EL51,Biomass,1,2025,1.05
EL51,Biomass,1,2030,1.05
EL51,Biomass,1,2035,1.05
EL51,Biomass,1,2040,1.05
EL51,Biomass,1,2045,1.05
EL51,Biomass,1,2050,1.05
EL52,Biomass,1,2023,1.05
EL52,Biomass,1,2025,1.05
EL52,Biomass,1,2030,1.05
EL52,Biomass,1,2035,1.05
EL52,Biomass,1,2040,1.05
EL52,Biomass,1,2045,1.05
EL52,Biomass,1,2050,1.05
EL53,Biomass,1,2023,1.05
EL53,Biomass,1,2025,1.05
EL53,Biomass,1,2030,1.05
EL53,Biomass,1,2035,1.05
EL53,Biomass,1,2040,1.05
EL53,Biomass,1,2045,1.05
EL53,Biomass,1,2050,1.05
EL54,Biomass,1,2023,1.05
EL54,Biomass,1,2025,1.05
EL54,Biomass,1,2030,1.05
EL54,Biomass,1,2035,1.05
EL54,Biomass,1,2040,1.05
EL54,Biomass,1,2045,1.05
EL54,Biomass,1,2050,1.05
EL61,Biomass,1,2023,1.05
EL61,Biomass,1,2025,1.05
EL61,Biomass,1,2030,1.05
EL61,Biomass,1,2035,1.05
EL61,Biomass,1,2040,1.05
EL61,Biomass,1,2045,1.05
EL61,Biomass,1,2050,1.05
EL62,Biomass,1,2023,1.05
EL62,Biomass,1,2025,1.05
EL62,Biomass,1,2030,1.05
EL62,Biomass,1,2035,1.05
EL62,Biomass,1,2040,1.05
EL62,Biomass,1,2045,1.05
EL62,Biomass,1,2050,1.05
EL63,Biomass,1,2023,1.05
EL63,Biomass,1,2025,1.05
EL63,Biomass,1,2030,1.05
EL63,Biomass,1,2035,1.05
EL63,Biomass,1,2040,1.05
EL63,Biomass,1,2045,1.05
EL63,Biomass,1,2050,1.05
EL64,Biomass,1,2023,1.05
EL64,Biomass,1,2025,1.05
EL64,Biomass,1,2030,1.05
EL64,Biomass,1,2035,1.05
EL64,Biomass,1,2040,1.05
EL64,Biomass,1,2045,1.05
EL64,Biomass,1,2050,1.05
EL30,Biomass,1,2023,1.05
EL30,Biomass,1,2025,1.05
EL30,Biomass,1,2030,1.05
EL30,Biomass,1,2035,1.05
EL30,Biomass,1,2040,1.05
EL30,Biomass,1,2045,1.05
EL30,Biomass,1,2050,1.05
EL65,Biomass,1,2023,1.05
EL65,Biomass,1,2025,1.05
EL65,Biomass,1,2030,1.05
EL65,Biomass,1,2035,1.05
EL65,Biomass,1,2040,1.05
EL65,Biomass,1,2045,1.05
EL65,Biomass,1,2050,1.05
EL51,Biomass_CCS,1,2023,8.33334
EL51,Biomass_CCS,1,2025,8.33334
EL51,Biomass_CCS,1,2030,8.33334
EL51,Biomass_CCS,1,2035,8.33334
EL51,Biomass_CCS,1,2040,8.33334
EL51,Biomass_CCS,1,2045,8.33334
EL51,Biomass_CCS,1,2050,8.33334
EL52,Biomass_CCS,1,2023,8.33334
EL52,Biomass_CCS,1,2025,8.33334
EL52,Biomass_CCS,1,2030,8.33334
EL52,Biomass_CCS,1,2035,8.33334
EL52,Biomass_CCS,1,2040,8.33334
EL52,Biomass_CCS,1,2045,8.33334
EL52,Biomass_CCS,1,2050,8.33334
EL53,Biomass_CCS,1,2023,8.33334
EL53,Biomass_CCS,1,2025,8.33334
EL53,Biomass_CCS,1,2030,8.33334
EL53,Biomass_CCS,1,2035,8.33334
EL53,Biomass_CCS,1,2040,8.33334
EL53,Biomass_CCS,1,2045,8.33334
EL53,Biomass_CCS,1,2050,8.33334
EL54,Biomass_CCS,1,2023,8.33334
EL54,Biomass_CCS,1,2025,8.33334
EL54,Biomass_CCS,1,2030,8.33334
EL54,Biomass_CCS,1,2035,8.33334
EL54,Biomass_CCS,1,2040,8.33334
EL54,Biomass_CCS,1,2045,8.33334
EL54,Biomass_CCS,1,2050,8.33334
EL61,Biomass_CCS,1,2023,8.33334
EL61,Biomass_CCS,1,2025,8.33334
EL61,Biomass_CCS,1,2030,8.33334
EL61,Biomass_CCS,1,2035,8.33334
EL61,Biomass_CCS,1,2040,8.33334
EL61,Biomass_CCS,1,2045,8.33334
EL61,Biomass_CCS,1,2050,8.33334
EL62,Biomass_CCS,1,2023,8.33334
EL62,Biomass_CCS,1,2025,8.33334
EL62,Biomass_CCS,1,2030,8.33334
EL62,Biomass_CCS,1,2035,8.33334
EL62,Biomass_CCS,1,2040,8.33334
EL62,Biomass_CCS,1,2045,8.33334
EL62,Biomass_CCS,1,2050,8.33334
EL63,Biomass_CCS,1,2023,8.33334
EL63,Biomass_CCS,1,2025,8.33334
EL63,Biomass_CCS,1,2030,8.33334
EL63,Biomass_CCS,1,2035,8.33334
EL63,Biomass_CCS,1,2040,8.33334
EL63,Biomass_CCS,1,2045,8.33334
EL63,Biomass_CCS,1,2050,8.33334
EL64,Biomass_CCS,1,2023,8.33334
EL64,Biomass_CCS,1,2025,8.33334
EL64,Biomass_CCS,1,2030,8.33334
EL64,Biomass_CCS,1,2035,8.33334
EL64,Biomass_CCS,1,2040,8.33334
EL64,Biomass_CCS,1,2045,8.33334
EL64,Biomass_CCS,1,2050,8.33334
EL30,Biomass_CCS,1,2023,8.33334
EL30,Biomass_CCS,1,2025,8.33334
EL30,Biomass_CCS,1,2030,8.33334
EL30,Biomass_CCS,1,2035,8.33334
EL30,Biomass_CCS,1,2040,8.33334
EL30,Biomass_CCS,1,2045,8.33334
EL30,Biomass_CCS,1,2050,8.33334
EL65,Biomass_CCS,1,2023,8.33334
EL65,Biomass_CCS,1,2025,8.33334
EL65,Biomass_CCS,1,2030,8.33334
EL65,Biomass_CCS,1,2035,8.33334
EL65,Biomass_CCS,1,2040,8.33334
EL65,Biomass_CCS,1,2045,8.33334
EL65,Biomass_CCS,1,2050,8.33334
EL51,Biomass_Ex,1,2023,1.05
EL51,Biomass_Ex,1,2025,1.05
EL51,Biomass_Ex,1,2030,1.05
EL51,Biomass_Ex,1,2035,1.05
EL51,Biomass_Ex,1,2040,1.05
EL51,Biomass_Ex,1,2045,1.05
EL51,Biomass_Ex,1,2050,1.05
EL52,Biomass_Ex,1,2023,1.05
EL52,Biomass_Ex,1,2025,1.05
EL52,Biomass_Ex,1,2030,1.05
EL52,Biomass_Ex,1,2035,1.05
EL52,Biomass_Ex,1,2040,1.05
EL52,Biomass_Ex,1,2045,1.05
EL52,Biomass_Ex,1,2050,1.05
EL53,Biomass_Ex,1,2023,1.05
EL53,Biomass_Ex,1,2025,1.05
EL53,Biomass_Ex,1,2030,1.05
EL53,Biomass_Ex,1,2035,1.05
EL53,Biomass_Ex,1,2040,1.05
EL53,Biomass_Ex,1,2045,1.05
EL53,Biomass_Ex,1,2050,1.05
EL54,Biomass_Ex,1,2023,1.05
EL54,Biomass_Ex,1,2025,1.05
EL54,Biomass_Ex,1,2030,1.05
EL54,Biomass_Ex,1,2035,1.05
EL54,Biomass_Ex,1,2040,1.05
EL54,Biomass_Ex,1,2045,1.05
EL54,Biomass_Ex,1,2050,1.05
EL61,Biomass_Ex,1,2023,1.05
EL61,Biomass_Ex,1,2025,1.05
EL61,Biomass_Ex,1,2030,1.05
EL61,Biomass_Ex,1,2035,1.05
EL61,Biomass_Ex,1,2040,1.05
EL61,Biomass_Ex,1,2045,1.05
EL61,Biomass_Ex,1,2050,1.05
EL62,Biomass_Ex,1,2023,1.05
EL62,Biomass_Ex,1,2025,1.05
EL62,Biomass_Ex,1,2030,1.05
EL62,Biomass_Ex,1,2035,1.05
EL62,Biomass_Ex,1,2040,1.05
EL62,Biomass_Ex,1,2045,1.05
EL62,Biomass_Ex,1,2050,1.05
EL63,Biomass_Ex,1,2023,1.05
EL63,Biomass_Ex,1,2025,1.05
EL63,Biomass_Ex,1,2030,1.05
EL63,Biomass_Ex,1,2035,1.05
EL63,Biomass_Ex,1,2040,1.05
EL63,Biomass_Ex,1,2045,1.05
EL63,Biomass_Ex,1,2050,1.05
EL64,Biomass_Ex,1,2023,1.05
EL64,Biomass_Ex,1,2025,1.05
EL64,Biomass_Ex,1,2030,1.05
EL64,Biomass_Ex,1,2035,1.05
EL64,Biomass_Ex,1,2040,1.05
EL64,Biomass_Ex,1,2045,1.05
EL64,Biomass_Ex,1,2050,1.05
EL30,Biomass_Ex,1,2023,1.05
EL30,Biomass_Ex,1,2025,1.05
EL30,Biomass_Ex,1,2030,1.05
EL30,Biomass_Ex,1,2035,1.05
EL30,Biomass_Ex,1,2040,1.05
EL30,Biomass_Ex,1,2045,1.05
EL30,Biomass_Ex,1,2050,1.05
EL65,Biomass_Ex,1,2023,1.05
EL65,Biomass_Ex,1,2025,1.05
EL65,Biomass_Ex,1,2030,1.05
EL65,Biomass_Ex,1,2035,1.05
EL65,Biomass_Ex,1,2040,1.05
EL65,Biomass_Ex,1,2045,1.05
EL65,Biomass_Ex,1,2050,1.05
EL51,BiomassImports,1,2023,9.92605234
EL51,BiomassImports,1,2025,9.92605234
EL51,BiomassImports,1,2030,9.92605234
EL51,BiomassImports,1,2035,9.92605234
EL51,BiomassImports,1,2040,9.92605234
EL51,BiomassImports,1,2045,9.92605234
EL51,BiomassImports,1,2050,9.92605234
EL52,BiomassImports,1,2023,9.92605234
EL52,BiomassImports,1,2025,9.92605234
EL52,BiomassImports,1,2030,9.92605234
EL52,BiomassImports,1,2035,9.92605234
EL52,BiomassImports,1,2040,9.92605234
EL52,BiomassImports,1,2045,9.92605234
EL52,BiomassImports,1,2050,9.92605234
EL53,BiomassImports,1,2023,9.92605234
EL53,BiomassImports,1,2025,9.92605234
EL53,BiomassImports,1,2030,9.92605234
EL53,BiomassImports,1,2035,9.92605234
EL53,BiomassImports,1,2040,9.92605234
EL53,BiomassImports,1,2045,9.92605234
EL53,BiomassImports,1,2050,9.92605234
EL54,BiomassImports,1,2023,9.92605234
EL54,BiomassImports,1,2025,9.92605234
EL54,BiomassImports,1,2030,9.92605234
EL54,BiomassImports,1,2035,9.92605234
EL54,BiomassImports,1,2040,9.92605234
EL54,BiomassImports,1,2045,9.92605234
EL54,BiomassImports,1,2050,9.92605234
EL61,BiomassImports,1,2023,9.92605234
EL61,BiomassImports,1,2025,9.92605234
EL61,BiomassImports,1,2030,9.92605234
EL61,BiomassImports,1,2035,9.92605234
EL61,BiomassImports,1,2040,9.92605234
EL61,BiomassImports,1,2045,9.92605234
EL61,BiomassImports,1,2050,9.92605234
EL62,BiomassImports,1,2023,9.92605234
EL62,BiomassImports,1,2025,9.92605234
EL62,BiomassImports,1,2030,9.92605234
EL62,BiomassImports,1,2035,9.92605234
EL62,BiomassImports,1,2040,9.92605234
EL62,BiomassImports,1,2045,9.92605234
EL62,BiomassImports,1,2050,9.92605234
EL63,BiomassImports,1,2023,9.92605234
EL63,BiomassImports,1,2025,9.92605234
EL63,BiomassImports,1,2030,9.92605234
EL63,BiomassImports,1,2035,9.92605234
EL63,BiomassImports,1,2040,9.92605234
EL63,BiomassImports,1,2045,9.92605234
EL63,BiomassImports,1,2050,9.92605234
EL64,BiomassImports,1,2023,9.92605234
EL64,BiomassImports,1,2025,9.92605234
EL64,BiomassImports,1,2030,9.92605234
EL64,BiomassImports,1,2035,9.92605234
EL64,BiomassImports,1,2040,9.92605234
EL64,BiomassImports,1,2045,9.92605234
EL64,BiomassImports,1,2050,9.92605234
EL30,BiomassImports,1,2023,9.92605234
EL30,BiomassImports,1,2025,9.92605234
EL30,BiomassImports,1,2030,9.92605234
EL30,BiomassImports,1,2035,9.92605234
EL30,BiomassImports,1,2040,9.92605234
EL30,BiomassImports,1,2045,9.92605234
EL30,BiomassImports,1,2050,9.92605234
EL65,BiomassImports,1,2023,9.92605234
EL65,BiomassImports,1,2025,9.92605234
EL65,BiomassImports,1,2030,9.92605234
EL65,BiomassImports,1,2035,9.92605234
EL65,BiomassImports,1,2040,9.92605234
EL65,BiomassImports,1,2045,9.92605234
EL65,BiomassImports,1,2050,9.92605234
EL51,BiomassProduction,1,2023,4.96302617
EL51,BiomassProduction,1,2025,4.96302617
EL51,BiomassProduction,1,2030,4.96302617
EL51,BiomassProduction,1,2035,4.96302617
EL51,BiomassProduction,1,2040,4.96302617
EL51,BiomassProduction,1,2045,4.96302617
EL51,BiomassProduction,1,2050,4.96302617
EL52,BiomassProduction,1,2023,4.96302617
EL52,BiomassProduction,1,2025,4.96302617
EL52,BiomassProduction,1,2030,4.96302617
EL52,BiomassProduction,1,2035,4.96302617
EL52,BiomassProduction,1,2040,4.96302617
EL52,BiomassProduction,1,2045,4.96302617
EL52,BiomassProduction,1,2050,4.96302617
EL53,BiomassProduction,1,2023,4.96302617
EL53,BiomassProduction,1,2025,4.96302617
EL53,BiomassProduction,1,2030,4.96302617
EL53,BiomassProduction,1,2035,4.96302617
EL53,BiomassProduction,1,2040,4.96302617
EL53,BiomassProduction,1,2045,4.96302617
EL53,BiomassProduction,1,2050,4.96302617
EL54,BiomassProduction,1,2023,4.96302617
EL54,BiomassProduction,1,2025,4.96302617
EL54,BiomassProduction,1,2030,4.96302617
EL54,BiomassProduction,1,2035,4.96302617
EL54,BiomassProduction,1,2040,4.96302617
EL54,BiomassProduction,1,2045,4.96302617
EL54,BiomassProduction,1,2050,4.96302617
EL61,BiomassProduction,1,2023,4.96302617
EL61,BiomassProduction,1,2025,4.96302617
EL61,BiomassProduction,1,2030,4.96302617
EL61,BiomassProduction,1,2035,4.96302617
EL61,BiomassProduction,1,2040,4.96302617
EL61,BiomassProduction,1,2045,4.96302617
EL61,BiomassProduction,1,2050,4.96302617
EL62,BiomassProduction,1,2023,4.96302617
EL62,BiomassProduction,1,2025,4.96302617
EL62,BiomassProduction,1,2030,4.96302617
EL62,BiomassProduction,1,2035,4.96302617
EL62,BiomassProduction,1,2040,4.96302617
EL62,BiomassProduction,1,2045,4.96302617
EL62,BiomassProduction,1,2050,4.96302617
EL63,BiomassProduction,1,2023,4.96302617
EL63,BiomassProduction,1,2025,4.96302617
EL63,BiomassProduction,1,2030,4.96302617
EL63,BiomassProduction,1,2035,4.96302617
EL63,BiomassProduction,1,2040,4.96302617
EL63,BiomassProduction,1,2045,4.96302617
EL63,BiomassProduction,1,2050,4.96302617
EL64,BiomassProduction,1,2023,4.96302617
EL64,BiomassProduction,1,2025,4.96302617
EL64,BiomassProduction,1,2030,4.96302617
EL64,BiomassProduction,1,2035,4.96302617
EL64,BiomassProduction,1,2040,4.96302617
EL64,BiomassProduction,1,2045,4.96302617
EL64,BiomassProduction,1,2050,4.96302617
EL30,BiomassProduction,1,2023,4.96302617
EL30,BiomassProduction,1,2025,4.96302617
EL30,BiomassProduction,1,2030,4.96302617
EL30,BiomassProduction,1,2035,4.96302617
EL30,BiomassProduction,1,2040,4.96302617
EL30,BiomassProduction,1,2045,4.96302617
EL30,BiomassProduction,1,2050,4.96302617
EL65,BiomassProduction,1,2023,4.96302617
EL65,BiomassProduction,1,2025,4.96302617
EL65,BiomassProduction,1,2030,4.96302617
EL65,BiomassProduction,1,2035,4.96302617
EL65,BiomassProduction,1,2040,4.96302617
EL65,BiomassProduction,1,2045,4.96302617
EL65,BiomassProduction,1,2050,4.96302617
EL51,CCGT,1,2023,0.69
EL51,CCGT,1,2025,0.69
EL51,CCGT,1,2030,0.69
EL51,CCGT,1,2035,0.69
EL51,CCGT,1,2040,0.69
EL51,CCGT,1,2045,0.69
EL51,CCGT,1,2050,0.69
EL52,CCGT,1,2023,0.69
EL52,CCGT,1,2025,0.69
EL52,CCGT,1,2030,0.69
EL52,CCGT,1,2035,0.69
EL52,CCGT,1,2040,0.69
EL52,CCGT,1,2045,0.69
EL52,CCGT,1,2050,0.69
EL53,CCGT,1,2023,0.69
EL53,CCGT,1,2025,0.69
EL53,CCGT,1,2030,0.69
EL53,CCGT,1,2035,0.69
EL53,CCGT,1,2040,0.69
EL53,CCGT,1,2045,0.69
EL53,CCGT,1,2050,0.69
EL54,CCGT,1,2023,0.69
EL54,CCGT,1,2025,0.69
EL54,CCGT,1,2030,0.69
EL54,CCGT,1,2035,0.69
EL54,CCGT,1,2040,0.69
EL54,CCGT,1,2045,0.69
EL54,CCGT,1,2050,0.69
EL61,CCGT,1,2023,0.69
EL61,CCGT,1,2025,0.69
EL61,CCGT,1,2030,0.69
EL61,CCGT,1,2035,0.69
EL61,CCGT,1,2040,0.69
EL61,CCGT,1,2045,0.69
EL61,CCGT,1,2050,0.69
EL62,CCGT,1,2023,0.69
EL62,CCGT,1,2025,0.69
EL62,CCGT,1,2030,0.69
EL62,CCGT,1,2035,0.69
EL62,CCGT,1,2040,0.69
EL62,CCGT,1,2045,0.69
EL62,CCGT,1,2050,0.69
EL63,CCGT,1,2023,0.69
EL63,CCGT,1,2025,0.69
EL63,CCGT,1,2030,0.69
EL63,CCGT,1,2035,0.69
EL63,CCGT,1,2040,0.69
EL63,CCGT,1,2045,0.69
EL63,CCGT,1,2050,0.69
EL64,CCGT,1,2023,0.69
EL64,CCGT,1,2025,0.69
EL64,CCGT,1,2030,0.69
EL64,CCGT,1,2035,0.69
EL64,CCGT,1,2040,0.69
EL64,CCGT,1,2045,0.69
EL64,CCGT,1,2050,0.69
EL30,CCGT,1,2023,0.69
EL30,CCGT,1,2025,0.69
EL30,CCGT,1,2030,0.69
EL30,CCGT,1,2035,0.69
EL30,CCGT,1,2040,0.69
EL30,CCGT,1,2045,0.69
EL30,CCGT,1,2050,0.69
EL65,CCGT,1,2023,0.69
EL65,CCGT,1,2025,0.69
EL65,CCGT,1,2030,0.69
EL65,CCGT,1,2035,0.69
EL65,CCGT,1,2040,0.69
EL65,CCGT,1,2045,0.69
EL65,CCGT,1,2050,0.69
CHIOS,Chios,1,2023,1.66
CHIOS,Chios,1,2025,1.66
CHIOS,Chios,1,2030,1.66
CHIOS,Chios,1,2035,1.66
CHIOS,Chios,1,2040,1.66
CHIOS,Chios,1,2045,1.66
CHIOS,Chios,1,2050,1.66
EL51,CoalExtraction,1,2023,2.77
EL51,CoalExtraction,1,2025,2.959739358
EL51,CoalExtraction,1,2030,1.555910414
EL51,CoalExtraction,1,2035,1.364833696
EL51,CoalExtraction,1,2040,1.173756979
EL51,CoalExtraction,1,2045,1.119163631
EL51,CoalExtraction,1,2050,1.064570283
EL52,CoalExtraction,1,2023,2.77
EL52,CoalExtraction,1,2025,2.959739358
EL52,CoalExtraction,1,2030,1.555910414
EL52,CoalExtraction,1,2035,1.364833696
EL52,CoalExtraction,1,2040,1.173756979
EL52,CoalExtraction,1,2045,1.119163631
EL52,CoalExtraction,1,2050,1.064570283
EL53,CoalExtraction,1,2023,2.77
EL53,CoalExtraction,1,2025,2.959739358
EL53,CoalExtraction,1,2030,1.555910414
EL53,CoalExtraction,1,2035,1.364833696
EL53,CoalExtraction,1,2040,1.173756979
EL53,CoalExtraction,1,2045,1.119163631
EL53,CoalExtraction,1,2050,1.064570283
EL54,CoalExtraction,1,2023,2.77
EL54,CoalExtraction,1,2025,2.959739358
EL54,CoalExtraction,1,2030,1.555910414
EL54,CoalExtraction,1,2035,1.364833696
EL54,CoalExtraction,1,2040,1.173756979
EL54,CoalExtraction,1,2045,1.119163631
EL54,CoalExtraction,1,2050,1.064570283
EL61,CoalExtraction,1,2023,2.77
EL61,CoalExtraction,1,2025,2.959739358
EL61,CoalExtraction,1,2030,1.555910414
EL61,CoalExtraction,1,2035,1.364833696
EL61,CoalExtraction,1,2040,1.173756979
EL61,CoalExtraction,1,2045,1.119163631
EL61,CoalExtraction,1,2050,1.064570283
EL62,CoalExtraction,1,2023,2.77
EL62,CoalExtraction,1,2025,2.959739358
EL62,CoalExtraction,1,2030,1.555910414
EL62,CoalExtraction,1,2035,1.364833696
EL62,CoalExtraction,1,2040,1.173756979
EL62,CoalExtraction,1,2045,1.119163631
EL62,CoalExtraction,1,2050,1.064570283
EL63,CoalExtraction,1,2023,2.77
EL63,CoalExtraction,1,2025,2.959739358
EL63,CoalExtraction,1,2030,1.555910414
EL63,CoalExtraction,1,2035,1.364833696
EL63,CoalExtraction,1,2040,1.173756979
EL63,CoalExtraction,1,2045,1.119163631
EL63,CoalExtraction,1,2050,1.064570283
EL64,CoalExtraction,1,2023,2.77
EL64,CoalExtraction,1,2025,2.959739358
EL64,CoalExtraction,1,2030,1.555910414
EL64,CoalExtraction,1,2035,1.364833696
EL64,CoalExtraction,1,2040,1.173756979
EL64,CoalExtraction,1,2045,1.119163631
EL64,CoalExtraction,1,2050,1.064570283
EL30,CoalExtraction,1,2023,2.77
EL30,CoalExtraction,1,2025,2.959739358
EL30,CoalExtraction,1,2030,1.555910414
EL30,CoalExtraction,1,2035,1.364833696
EL30,CoalExtraction,1,2040,1.173756979
EL30,CoalExtraction,1,2045,1.119163631
EL30,CoalExtraction,1,2050,1.064570283
EL65,CoalExtraction,1,2023,2.77
EL65,CoalExtraction,1,2025,2.959739358
EL65,CoalExtraction,1,2030,1.555910414
EL65,CoalExtraction,1,2035,1.364833696
EL65,CoalExtraction,1,2040,1.173756979
EL65,CoalExtraction,1,2045,1.119163631
EL65,CoalExtraction,1,2050,1.064570283
EL52,Edeseou,1,2023,0.09
EL52,Edeseou,1,2025,0.09
EL52,Edeseou,1,2030,0.09
EL52,Edeseou,1,2035,0.09
EL52,Edeseou,1,2040,0.09
EL52,Edeseou,1,2045,0.09
EL52,Edeseou,1,2050,0.09
EL51,Elec_Network,1,2023,2.83
EL51,Elec_Network,1,2025,2.83
EL51,Elec_Network,1,2030,2.83
EL51,Elec_Network,1,2035,2.83
EL51,Elec_Network,1,2040,2.83
EL51,Elec_Network,1,2045,2.83
EL51,Elec_Network,1,2050,2.83
EL52,Elec_Network,1,2023,2.83
EL52,Elec_Network,1,2025,2.83
EL52,Elec_Network,1,2030,2.83
EL52,Elec_Network,1,2035,2.83
EL52,Elec_Network,1,2040,2.83
EL52,Elec_Network,1,2045,2.83
EL52,Elec_Network,1,2050,2.83
EL53,Elec_Network,1,2023,2.83
EL53,Elec_Network,1,2025,2.83
EL53,Elec_Network,1,2030,2.83
EL53,Elec_Network,1,2035,2.83
EL53,Elec_Network,1,2040,2.83
EL53,Elec_Network,1,2045,2.83
EL53,Elec_Network,1,2050,2.83
EL54,Elec_Network,1,2023,2.83
EL54,Elec_Network,1,2025,2.83
EL54,Elec_Network,1,2030,2.83
EL54,Elec_Network,1,2035,2.83
EL54,Elec_Network,1,2040,2.83
EL54,Elec_Network,1,2045,2.83
EL54,Elec_Network,1,2050,2.83
EL61,Elec_Network,1,2023,2.83
EL61,Elec_Network,1,2025,2.83
EL61,Elec_Network,1,2030,2.83
EL61,Elec_Network,1,2035,2.83
EL61,Elec_Network,1,2040,2.83
EL61,Elec_Network,1,2045,2.83
EL61,Elec_Network,1,2050,2.83
EL62,Elec_Network,1,2023,2.83
EL62,Elec_Network,1,2025,2.83
EL62,Elec_Network,1,2030,2.83
EL62,Elec_Network,1,2035,2.83
EL62,Elec_Network,1,2040,2.83
EL62,Elec_Network,1,2045,2.83
EL62,Elec_Network,1,2050,2.83
EL63,Elec_Network,1,2023,2.83
EL63,Elec_Network,1,2025,2.83
EL63,Elec_Network,1,2030,2.83
EL63,Elec_Network,1,2035,2.83
EL63,Elec_Network,1,2040,2.83
EL63,Elec_Network,1,2045,2.83
EL63,Elec_Network,1,2050,2.83
EL64,Elec_Network,1,2023,2.83
EL64,Elec_Network,1,2025,2.83
EL64,Elec_Network,1,2030,2.83
EL64,Elec_Network,1,2035,2.83
EL64,Elec_Network,1,2040,2.83
EL64,Elec_Network,1,2045,2.83
EL64,Elec_Network,1,2050,2.83
EL30,Elec_Network,1,2023,2.83
EL30,Elec_Network,1,2025,2.83
EL30,Elec_Network,1,2030,2.83
EL30,Elec_Network,1,2035,2.83
EL30,Elec_Network,1,2040,2.83
EL30,Elec_Network,1,2045,2.83
EL30,Elec_Network,1,2050,2.83
EL65,Elec_Network,1,2023,2.83
EL65,Elec_Network,1,2025,2.83
EL65,Elec_Network,1,2030,2.83
EL65,Elec_Network,1,2035,2.83
EL65,Elec_Network,1,2040,2.83
EL65,Elec_Network,1,2045,2.83
EL65,Elec_Network,1,2050,2.83
Crete,Elec_Network,1,2023,2.83
Crete,Elec_Network,1,2025,2.83
Crete,Elec_Network,1,2030,2.83
Crete,Elec_Network,1,2035,2.83
Crete,Elec_Network,1,2040,2.83
Crete,Elec_Network,1,2045,2.83
Crete,Elec_Network,1,2050,2.83
THIRA,Elec_Network,1,2023,2.83
THIRA,Elec_Network,1,2025,2.83
THIRA,Elec_Network,1,2030,2.83
THIRA,Elec_Network,1,2035,2.83
THIRA,Elec_Network,1,2040,2.83
THIRA,Elec_Network,1,2045,2.83
THIRA,Elec_Network,1,2050,2.83
SAMOS,Elec_Network,1,2023,2.83
SAMOS,Elec_Network,1,2025,2.83
SAMOS,Elec_Network,1,2030,2.83
SAMOS,Elec_Network,1,2035,2.83
SAMOS,Elec_Network,1,2040,2.83
SAMOS,Elec_Network,1,2045,2.83
SAMOS,Elec_Network,1,2050,2.83
CHIOS,Elec_Network,1,2023,2.83
CHIOS,Elec_Network,1,2025,2.83
CHIOS,Elec_Network,1,2030,2.83
CHIOS,Elec_Network,1,2035,2.83
CHIOS,Elec_Network,1,2040,2.83
CHIOS,Elec_Network,1,2045,2.83
CHIOS,Elec_Network,1,2050,2.83
LESVOS,Elec_Network,1,2023,2.83
LESVOS,Elec_Network,1,2025,2.83
LESVOS,Elec_Network,1,2030,2.83
LESVOS,Elec_Network,1,2035,2.83
LESVOS,Elec_Network,1,2040,2.83
LESVOS,Elec_Network,1,2045,2.83
LESVOS,Elec_Network,1,2050,2.83
LEMNOS,Elec_Network,1,2023,2.83
LEMNOS,Elec_Network,1,2025,2.83
LEMNOS,Elec_Network,1,2030,2.83
LEMNOS,Elec_Network,1,2035,2.83
LEMNOS,Elec_Network,1,2040,2.83
LEMNOS,Elec_Network,1,2045,2.83
LEMNOS,Elec_Network,1,2050,2.83
KOS,Elec_Network,1,2023,2.83
KOS,Elec_Network,1,2025,2.83
KOS,Elec_Network,1,2030,2.83
KOS,Elec_Network,1,2035,2.83
KOS,Elec_Network,1,2040,2.83
KOS,Elec_Network,1,2045,2.83
KOS,Elec_Network,1,2050,2.83
KARPATHOS,Elec_Network,1,2023,2.83
KARPATHOS,Elec_Network,1,2025,2.83
KARPATHOS,Elec_Network,1,2030,2.83
KARPATHOS,Elec_Network,1,2035,2.83
KARPATHOS,Elec_Network,1,2040,2.83
KARPATHOS,Elec_Network,1,2045,2.83
KARPATHOS,Elec_Network,1,2050,2.83
RODOS,Elec_Network,1,2023,2.83
RODOS,Elec_Network,1,2025,2.83
RODOS,Elec_Network,1,2030,2.83
RODOS,Elec_Network,1,2035,2.83
RODOS,Elec_Network,1,2040,2.83
RODOS,Elec_Network,1,2045,2.83
RODOS,Elec_Network,1,2050,2.83
SKYROS,Elec_Network,1,2023,2.83
SKYROS,Elec_Network,1,2025,2.83
SKYROS,Elec_Network,1,2030,2.83
SKYROS,Elec_Network,1,2035,2.83
SKYROS,Elec_Network,1,2040,2.83
SKYROS,Elec_Network,1,2045,2.83
SKYROS,Elec_Network,1,2050,2.83
SERIFOS,Elec_Network,1,2023,2.83
SERIFOS,Elec_Network,1,2025,2.83
SERIFOS,Elec_Network,1,2030,2.83
SERIFOS,Elec_Network,1,2035,2.83
SERIFOS,Elec_Network,1,2040,2.83
SERIFOS,Elec_Network,1,2045,2.83
SERIFOS,Elec_Network,1,2050,2.83
EL64,ELPEDISON,1,2023,0.69
EL64,ELPEDISON,1,2025,0.69
EL64,ELPEDISON,1,2030,0.69
EL64,ELPEDISON,1,2035,0.69
EL64,ELPEDISON,1,2040,0.69
EL64,ELPEDISON,1,2045,0.69
EL64,ELPEDISON,1,2050,0.69
EL52,Energ_Thesalonikis,1,2023,0.69
EL52,Energ_Thesalonikis,1,2025,0.69
EL52,Energ_Thesalonikis,1,2030,0.69
EL52,Energ_Thesalonikis,1,2035,0.69
EL52,Energ_Thesalonikis,1,2040,0.69
EL52,Energ_Thesalonikis,1,2045,0.69
EL52,Energ_Thesalonikis,1,2050,0.69
EL51,Gas_CCS,1,2023,5.000004
EL51,Gas_CCS,1,2025,5.000004
EL51,Gas_CCS,1,2030,5.000004
EL51,Gas_CCS,1,2035,5.000004
EL51,Gas_CCS,1,2040,5.000004
EL51,Gas_CCS,1,2045,5.000004
EL51,Gas_CCS,1,2050,5.000004
EL52,Gas_CCS,1,2023,5.000004
EL52,Gas_CCS,1,2025,5.000004
EL52,Gas_CCS,1,2030,5.000004
EL52,Gas_CCS,1,2035,5.000004
EL52,Gas_CCS,1,2040,5.000004
EL52,Gas_CCS,1,2045,5.000004
EL52,Gas_CCS,1,2050,5.000004
EL53,Gas_CCS,1,2023,5.000004
EL53,Gas_CCS,1,2025,5.000004
EL53,Gas_CCS,1,2030,5.000004
EL53,Gas_CCS,1,2035,5.000004
EL53,Gas_CCS,1,2040,5.000004
EL53,Gas_CCS,1,2045,5.000004
EL53,Gas_CCS,1,2050,5.000004
EL54,Gas_CCS,1,2023,5.000004
EL54,Gas_CCS,1,2025,5.000004
EL54,Gas_CCS,1,2030,5.000004
EL54,Gas_CCS,1,2035,5.000004
EL54,Gas_CCS,1,2040,5.000004
EL54,Gas_CCS,1,2045,5.000004
EL54,Gas_CCS,1,2050,5.000004
EL61,Gas_CCS,1,2023,5.000004
EL61,Gas_CCS,1,2025,5.000004
EL61,Gas_CCS,1,2030,5.000004
EL61,Gas_CCS,1,2035,5.000004
EL61,Gas_CCS,1,2040,5.000004
EL61,Gas_CCS,1,2045,5.000004
EL61,Gas_CCS,1,2050,5.000004
EL62,Gas_CCS,1,2023,5.000004
EL62,Gas_CCS,1,2025,5.000004
EL62,Gas_CCS,1,2030,5.000004
EL62,Gas_CCS,1,2035,5.000004
EL62,Gas_CCS,1,2040,5.000004
EL62,Gas_CCS,1,2045,5.000004
EL62,Gas_CCS,1,2050,5.000004
EL63,Gas_CCS,1,2023,5.000004
EL63,Gas_CCS,1,2025,5.000004
EL63,Gas_CCS,1,2030,5.000004
EL63,Gas_CCS,1,2035,5.000004
EL63,Gas_CCS,1,2040,5.000004
EL63,Gas_CCS,1,2045,5.000004
EL63,Gas_CCS,1,2050,5.000004
EL64,Gas_CCS,1,2023,5.000004
EL64,Gas_CCS,1,2025,5.000004
EL64,Gas_CCS,1,2030,5.000004
EL64,Gas_CCS,1,2035,5.000004
EL64,Gas_CCS,1,2040,5.000004
EL64,Gas_CCS,1,2045,5.000004
EL64,Gas_CCS,1,2050,5.000004
EL30,Gas_CCS,1,2023,5.000004
EL30,Gas_CCS,1,2025,5.000004
EL30,Gas_CCS,1,2030,5.000004
EL30,Gas_CCS,1,2035,5.000004
EL30,Gas_CCS,1,2040,5.000004
EL30,Gas_CCS,1,2045,5.000004
EL30,Gas_CCS,1,2050,5.000004
EL65,Gas_CCS,1,2023,5.000004
EL65,Gas_CCS,1,2025,5.000004
EL65,Gas_CCS,1,2030,5.000004
EL65,Gas_CCS,1,2035,5.000004
EL65,Gas_CCS,1,2040,5.000004
EL65,Gas_CCS,1,2045,5.000004
EL65,Gas_CCS,1,2050,5.000004
EL51,Geothermal_HI,1,2023,0.04
EL51,Geothermal_HI,1,2025,0.04
EL51,Geothermal_HI,1,2030,0.04
EL51,Geothermal_HI,1,2035,0.04
EL51,Geothermal_HI,1,2040,0.04
EL51,Geothermal_HI,1,2045,0.04
EL51,Geothermal_HI,1,2050,0.04
EL52,Geothermal_HI,1,2023,0.04
EL52,Geothermal_HI,1,2025,0.04
EL52,Geothermal_HI,1,2030,0.04
EL52,Geothermal_HI,1,2035,0.04
EL52,Geothermal_HI,1,2040,0.04
EL52,Geothermal_HI,1,2045,0.04
EL52,Geothermal_HI,1,2050,0.04
EL53,Geothermal_HI,1,2023,0.04
EL53,Geothermal_HI,1,2025,0.04
EL53,Geothermal_HI,1,2030,0.04
EL53,Geothermal_HI,1,2035,0.04
EL53,Geothermal_HI,1,2040,0.04
EL53,Geothermal_HI,1,2045,0.04
EL53,Geothermal_HI,1,2050,0.04
EL54,Geothermal_HI,1,2023,0.04
EL54,Geothermal_HI,1,2025,0.04
EL54,Geothermal_HI,1,2030,0.04
EL54,Geothermal_HI,1,2035,0.04
EL54,Geothermal_HI,1,2040,0.04
EL54,Geothermal_HI,1,2045,0.04
EL54,Geothermal_HI,1,2050,0.04
EL61,Geothermal_HI,1,2023,0.04
EL61,Geothermal_HI,1,2025,0.04
EL61,Geothermal_HI,1,2030,0.04
EL61,Geothermal_HI,1,2035,0.04
EL61,Geothermal_HI,1,2040,0.04
EL61,Geothermal_HI,1,2045,0.04
EL61,Geothermal_HI,1,2050,0.04
EL62,Geothermal_HI,1,2023,0.04
EL62,Geothermal_HI,1,2025,0.04
EL62,Geothermal_HI,1,2030,0.04
EL62,Geothermal_HI,1,2035,0.04
EL62,Geothermal_HI,1,2040,0.04
EL62,Geothermal_HI,1,2045,0.04
EL62,Geothermal_HI,1,2050,0.04
EL63,Geothermal_HI,1,2023,0.04
EL63,Geothermal_HI,1,2025,0.04
EL63,Geothermal_HI,1,2030,0.04
EL63,Geothermal_HI,1,2035,0.04
EL63,Geothermal_HI,1,2040,0.04
EL63,Geothermal_HI,1,2045,0.04
EL63,Geothermal_HI,1,2050,0.04
EL64,Geothermal_HI,1,2023,0.04
EL64,Geothermal_HI,1,2025,0.04
EL64,Geothermal_HI,1,2030,0.04
EL64,Geothermal_HI,1,2035,0.04
EL64,Geothermal_HI,1,2040,0.04
EL64,Geothermal_HI,1,2045,0.04
EL64,Geothermal_HI,1,2050,0.04
EL30,Geothermal_HI,1,2023,0.04
EL30,Geothermal_HI,1,2025,0.04
EL30,Geothermal_HI,1,2030,0.04
EL30,Geothermal_HI,1,2035,0.04
EL30,Geothermal_HI,1,2040,0.04
EL30,Geothermal_HI,1,2045,0.04
EL30,Geothermal_HI,1,2050,0.04
EL65,Geothermal_HI,1,2023,0.04
EL65,Geothermal_HI,1,2025,0.04
EL65,Geothermal_HI,1,2030,0.04
EL65,Geothermal_HI,1,2035,0.04
EL65,Geothermal_HI,1,2040,0.04
EL65,Geothermal_HI,1,2045,0.04
EL65,Geothermal_HI,1,2050,0.04
EL51,Geothermal_ME,1,2023,0.03
EL51,Geothermal_ME,1,2025,0.03
EL51,Geothermal_ME,1,2030,0.03
EL51,Geothermal_ME,1,2035,0.03
EL51,Geothermal_ME,1,2040,0.03
EL51,Geothermal_ME,1,2045,0.03
EL51,Geothermal_ME,1,2050,0.03
EL52,Geothermal_ME,1,2023,0.03
EL52,Geothermal_ME,1,2025,0.03
EL52,Geothermal_ME,1,2030,0.03
EL52,Geothermal_ME,1,2035,0.03
EL52,Geothermal_ME,1,2040,0.03
EL52,Geothermal_ME,1,2045,0.03
EL52,Geothermal_ME,1,2050,0.03
EL53,Geothermal_ME,1,2023,0.03
EL53,Geothermal_ME,1,2025,0.03
EL53,Geothermal_ME,1,2030,0.03
EL53,Geothermal_ME,1,2035,0.03
EL53,Geothermal_ME,1,2040,0.03
EL53,Geothermal_ME,1,2045,0.03
EL53,Geothermal_ME,1,2050,0.03
EL54,Geothermal_ME,1,2023,0.03
EL54,Geothermal_ME,1,2025,0.03
EL54,Geothermal_ME,1,2030,0.03
EL54,Geothermal_ME,1,2035,0.03
EL54,Geothermal_ME,1,2040,0.03
EL54,Geothermal_ME,1,2045,0.03
EL54,Geothermal_ME,1,2050,0.03
EL61,Geothermal_ME,1,2023,0.03
EL61,Geothermal_ME,1,2025,0.03
EL61,Geothermal_ME,1,2030,0.03
EL61,Geothermal_ME,1,2035,0.03
EL61,Geothermal_ME,1,2040,0.03
EL61,Geothermal_ME,1,2045,0.03
EL61,Geothermal_ME,1,2050,0.03
EL62,Geothermal_ME,1,2023,0.03
EL62,Geothermal_ME,1,2025,0.03
EL62,Geothermal_ME,1,2030,0.03
EL62,Geothermal_ME,1,2035,0.03
EL62,Geothermal_ME,1,2040,0.03
EL62,Geothermal_ME,1,2045,0.03
EL62,Geothermal_ME,1,2050,0.03
EL63,Geothermal_ME,1,2023,0.03
EL63,Geothermal_ME,1,2025,0.03
EL63,Geothermal_ME,1,2030,0.03
EL63,Geothermal_ME,1,2035,0.03
EL63,Geothermal_ME,1,2040,0.03
EL63,Geothermal_ME,1,2045,0.03
EL63,Geothermal_ME,1,2050,0.03
EL64,Geothermal_ME,1,2023,0.03
EL64,Geothermal_ME,1,2025,0.03
EL64,Geothermal_ME,1,2030,0.03
EL64,Geothermal_ME,1,2035,0.03
EL64,Geothermal_ME,1,2040,0.03
EL64,Geothermal_ME,1,2045,0.03
EL64,Geothermal_ME,1,2050,0.03
EL30,Geothermal_ME,1,2023,0.03
EL30,Geothermal_ME,1,2025,0.03
EL30,Geothermal_ME,1,2030,0.03
EL30,Geothermal_ME,1,2035,0.03
EL30,Geothermal_ME,1,2040,0.03
EL30,Geothermal_ME,1,2045,0.03
EL30,Geothermal_ME,1,2050,0.03
EL65,Geothermal_ME,1,2023,0.03
EL65,Geothermal_ME,1,2025,0.03
EL65,Geothermal_ME,1,2030,0.03
EL65,Geothermal_ME,1,2035,0.03
EL65,Geothermal_ME,1,2040,0.03
EL65,Geothermal_ME,1,2045,0.03
EL65,Geothermal_ME,1,2050,0.03
EL51,HydroStor,1,2023,0.09
EL51,HydroStor,1,2025,0.09
EL51,HydroStor,1,2030,0.09
EL51,HydroStor,1,2035,0.09
EL51,HydroStor,1,2040,0.09
EL51,HydroStor,1,2045,0.09
EL51,HydroStor,1,2050,0.09
EL52,HydroStor,1,2023,0.09
EL52,HydroStor,1,2025,0.09
EL52,HydroStor,1,2030,0.09
EL52,HydroStor,1,2035,0.09
EL52,HydroStor,1,2040,0.09
EL52,HydroStor,1,2045,0.09
EL52,HydroStor,1,2050,0.09
EL53,HydroStor,1,2023,0.09
EL53,HydroStor,1,2025,0.09
EL53,HydroStor,1,2030,0.09
EL53,HydroStor,1,2035,0.09
EL53,HydroStor,1,2040,0.09
EL53,HydroStor,1,2045,0.09
EL53,HydroStor,1,2050,0.09
EL54,HydroStor,1,2023,0.09
EL54,HydroStor,1,2025,0.09
EL54,HydroStor,1,2030,0.09
EL54,HydroStor,1,2035,0.09
EL54,HydroStor,1,2040,0.09
EL54,HydroStor,1,2045,0.09
EL54,HydroStor,1,2050,0.09
EL61,HydroStor,1,2023,0.09
EL61,HydroStor,1,2025,0.09
EL61,HydroStor,1,2030,0.09
EL61,HydroStor,1,2035,0.09
EL61,HydroStor,1,2040,0.09
EL61,HydroStor,1,2045,0.09
EL61,HydroStor,1,2050,0.09
EL62,HydroStor,1,2023,0.09
EL62,HydroStor,1,2025,0.09
EL62,HydroStor,1,2030,0.09
EL62,HydroStor,1,2035,0.09
EL62,HydroStor,1,2040,0.09
EL62,HydroStor,1,2045,0.09
EL62,HydroStor,1,2050,0.09
EL63,HydroStor,1,2023,0.09
EL63,HydroStor,1,2025,0.09
EL63,HydroStor,1,2030,0.09
EL63,HydroStor,1,2035,0.09
EL63,HydroStor,1,2040,0.09
EL63,HydroStor,1,2045,0.09
EL63,HydroStor,1,2050,0.09
EL64,HydroStor,1,2023,0.09
EL64,HydroStor,1,2025,0.09
EL64,HydroStor,1,2030,0.09
EL64,HydroStor,1,2035,0.09
EL64,HydroStor,1,2040,0.09
EL64,HydroStor,1,2045,0.09
EL64,HydroStor,1,2050,0.09
EL30,HydroStor,1,2023,0.09
EL30,HydroStor,1,2025,0.09
EL30,HydroStor,1,2030,0.09
EL30,HydroStor,1,2035,0.09
EL30,HydroStor,1,2040,0.09
EL30,HydroStor,1,2045,0.09
EL30,HydroStor,1,2050,0.09
EL65,HydroStor,1,2023,0.09
EL65,HydroStor,1,2025,0.09
EL65,HydroStor,1,2030,0.09
EL65,HydroStor,1,2035,0.09
EL65,HydroStor,1,2040,0.09
EL65,HydroStor,1,2045,0.09
EL65,HydroStor,1,2050,0.09
EL53,Ilariona,1,2023,0.09
EL53,Ilariona,1,2025,0.09
EL53,Ilariona,1,2030,0.09
EL53,Ilariona,1,2035,0.09
EL53,Ilariona,1,2040,0.09
EL53,Ilariona,1,2045,0.09
EL53,Ilariona,1,2050,0.09
EL64,Iron_I,1,2023,0.69
EL64,Iron_I,1,2025,0.69
EL64,Iron_I,1,2030,0.69
EL64,Iron_I,1,2035,0.69
EL64,Iron_I,1,2040,0.69
EL64,Iron_I,1,2045,0.69
EL64,Iron_I,1,2050,0.69
EL64,Iron_II,1,2023,0.69
EL64,Iron_II,1,2025,0.69
EL64,Iron_II,1,2030,0.69
EL64,Iron_II,1,2035,0.69
EL64,Iron_II,1,2040,0.69
EL64,Iron_II,1,2045,0.69
EL64,Iron_II,1,2050,0.69
EL64,Iron_III,1,2023,0.69
EL64,Iron_III,1,2025,0.69
EL64,Iron_III,1,2030,0.69
EL64,Iron_III,1,2035,0.69
EL64,Iron_III,1,2040,0.69
EL64,Iron_III,1,2045,0.69
EL64,Iron_III,1,2050,0.69
EL64,IronII_CCGT,1,2023,0.69
EL64,IronII_CCGT,1,2025,0.69
EL64,IronII_CCGT,1,2030,0.69
EL64,IronII_CCGT,1,2035,0.69
EL64,IronII_CCGT,1,2040,0.69
EL64,IronII_CCGT,1,2045,0.69
EL64,IronII_CCGT,1,2050,0.69
KARPATHOS,Karpathos,1,2023,1.37
KARPATHOS,Karpathos,1,2025,1.37
KARPATHOS,Karpathos,1,2030,1.37
KARPATHOS,Karpathos,1,2035,1.37
KARPATHOS,Karpathos,1,2040,1.37
KARPATHOS,Karpathos,1,2045,1.37
KARPATHOS,Karpathos,1,2050,1.37
EL63,Kastrakiou,1,2023,0.09
EL63,Kastrakiou,1,2025,0.09
EL63,Kastrakiou,1,2030,0.09
EL63,Kastrakiou,1,2035,0.09
EL63,Kastrakiou,1,2040,0.09
EL63,Kastrakiou,1,2045,0.09
EL63,Kastrakiou,1,2050,0.09
EL65,KORINTHOS_POWER,1,2023,0.69
EL65,KORINTHOS_POWER,1,2025,0.69
EL65,KORINTHOS_POWER,1,2030,0.69
EL65,KORINTHOS_POWER,1,2035,0.69
EL65,KORINTHOS_POWER,1,2040,0.69
EL65,KORINTHOS_POWER,1,2045,0.69
EL65,KORINTHOS_POWER,1,2050,0.69
KOS,Kos_Kalymnos,1,2023,1.66
KOS,Kos_Kalymnos,1,2025,1.66
KOS,Kos_Kalymnos,1,2030,1.66
KOS,Kos_Kalymnos,1,2035,1.66
KOS,Kos_Kalymnos,1,2040,1.66
KOS,Kos_Kalymnos,1,2045,1.66
KOS,Kos_Kalymnos,1,2050,1.66
EL63,Kremaston,1,2023,0.09
EL63,Kremaston,1,2025,0.09
EL63,Kremaston,1,2030,0.09
EL63,Kremaston,1,2035,0.09
EL63,Kremaston,1,2040,0.09
EL63,Kremaston,1,2045,0.09
EL63,Kremaston,1,2050,0.09
EL65,Ladona,1,2023,0.09
EL65,Ladona,1,2025,0.09
EL65,Ladona,1,2030,0.09
EL65,Ladona,1,2035,0.09
EL65,Ladona,1,2040,0.09
EL65,Ladona,1,2045,0.09
EL65,Ladona,1,2050,0.09
LEMNOS,Lemnos,1,2023,1.37
LEMNOS,Lemnos,1,2025,1.37
LEMNOS,Lemnos,1,2030,1.37
LEMNOS,Lemnos,1,2035,1.37
LEMNOS,Lemnos,1,2040,1.37
LEMNOS,Lemnos,1,2045,1.37
LEMNOS,Lemnos,1,2050,1.37
LESVOS,Lesvos,1,2023,1.66
LESVOS,Lesvos,1,2025,1.66
LESVOS,Lesvos,1,2030,1.66
LESVOS,Lesvos,1,2035,1.66
LESVOS,Lesvos,1,2040,1.66
LESVOS,Lesvos,1,2045,1.66
LESVOS,Lesvos,1,2050,1.66
Crete,Linoperamata,1,2023,1.66
Crete,Linoperamata,1,2025,1.66
Crete,Linoperamata,1,2030,1.66
Crete,Linoperamata,1,2035,1.66
Crete,Linoperamata,1,2040,1.66
Crete,Linoperamata,1,2045,1.66
Crete,Linoperamata,1,2050,1.66
EL65,Megalopolis_III,1,2023,0.33
EL65,Megalopolis_III,1,2025,0.33
EL65,Megalopolis_III,1,2030,0.33
EL65,Megalopolis_III,1,2035,0.33
EL65,Megalopolis_III,1,2040,0.33
EL65,Megalopolis_III,1,2045,0.33
EL65,Megalopolis_III,1,2050,0.33
EL65,Megalopolis_IV,1,2023,0.33
EL65,Megalopolis_IV,1,2025,0.33
EL65,Megalopolis_IV,1,2030,0.33
EL65,Megalopolis_IV,1,2035,0.33
EL65,Megalopolis_IV,1,2040,0.33
EL65,Megalopolis_IV,1,2045,0.33
EL65,Megalopolis_IV,1,2050,0.33
EL53,Melitis_I,1,2023,0.33
EL53,Melitis_I,1,2025,0.33
EL53,Melitis_I,1,2030,0.33
EL53,Melitis_I,1,2035,0.33
EL53,Melitis_I,1,2040,0.33
EL53,Melitis_I,1,2045,0.33
EL53,Melitis_I,1,2050,0.33
EL61,NGImports,1,2023,13.45585693
EL61,NGImports,1,2025,11.4
EL61,NGImports,1,2030,11.4
EL61,NGImports,1,2035,11.4
EL61,NGImports,1,2040,11.4
EL61,NGImports,1,2045,11.4
EL61,NGImports,1,2050,11.4
EL62,NGImports,1,2023,13.45585693
EL62,NGImports,1,2025,11.4
EL62,NGImports,1,2030,11.4
EL62,NGImports,1,2035,11.4
EL62,NGImports,1,2040,11.4
EL62,NGImports,1,2045,11.4
EL62,NGImports,1,2050,11.4
EL63,NGImports,1,2023,13.45585693
EL63,NGImports,1,2025,11.4
EL63,NGImports,1,2030,11.4
EL63,NGImports,1,2035,11.4
EL63,NGImports,1,2040,11.4
EL63,NGImports,1,2045,11.4
EL63,NGImports,1,2050,11.4
EL64,NGImports,1,2023,13.45585693
EL64,NGImports,1,2025,11.4
EL64,NGImports,1,2030,11.4
EL64,NGImports,1,2035,11.4
EL64,NGImports,1,2040,11.4
EL64,NGImports,1,2045,11.4
EL64,NGImports,1,2050,11.4
EL51,NGImports,1,2023,13.45585693
EL51,NGImports,1,2025,11.4
EL51,NGImports,1,2030,11.4
EL51,NGImports,1,2035,11.4
EL51,NGImports,1,2040,11.4
EL51,NGImports,1,2045,11.4
EL51,NGImports,1,2050,11.4
EL52,NGImports,1,2023,13.45585693
EL52,NGImports,1,2025,11.4
EL52,NGImports,1,2030,11.4
EL52,NGImports,1,2035,11.4
EL52,NGImports,1,2040,11.4
EL52,NGImports,1,2045,11.4
EL52,NGImports,1,2050,11.4
EL53,NGImports,1,2023,13.45585693
EL53,NGImports,1,2025,11.4
EL53,NGImports,1,2030,11.4
EL53,NGImports,1,2035,11.4
EL53,NGImports,1,2040,11.4
EL53,NGImports,1,2045,11.4
EL53,NGImports,1,2050,11.4
EL54,NGImports,1,2023,13.45585693
EL54,NGImports,1,2025,11.4
EL54,NGImports,1,2030,11.4
EL54,NGImports,1,2035,11.4
EL54,NGImports,1,2040,11.4
EL54,NGImports,1,2045,11.4
EL54,NGImports,1,2050,11.4
EL30,NGImports,1,2023,13.45585693
EL30,NGImports,1,2025,11.4
EL30,NGImports,1,2030,11.4
EL30,NGImports,1,2035,11.4
EL30,NGImports,1,2040,11.4
EL30,NGImports,1,2045,11.4
EL30,NGImports,1,2050,11.4
EL65,NGImports,1,2023,13.45585693
EL65,NGImports,1,2025,11.4
EL65,NGImports,1,2030,11.4
EL65,NGImports,1,2035,11.4
EL65,NGImports,1,2040,11.4
EL65,NGImports,1,2045,11.4
EL65,NGImports,1,2050,11.4
EL61,OCGT,1,2023,0.69
EL61,OCGT,1,2025,0.69
EL61,OCGT,1,2030,0.69
EL61,OCGT,1,2035,0.69
EL61,OCGT,1,2040,0.69
EL61,OCGT,1,2045,0.69
EL61,OCGT,1,2050,0.69
EL62,OCGT,1,2023,0.69
EL62,OCGT,1,2025,0.69
EL62,OCGT,1,2030,0.69
EL62,OCGT,1,2035,0.69
EL62,OCGT,1,2040,0.69
EL62,OCGT,1,2045,0.69
EL62,OCGT,1,2050,0.69
EL63,OCGT,1,2023,0.69
EL63,OCGT,1,2025,0.69
EL63,OCGT,1,2030,0.69
EL63,OCGT,1,2035,0.69
EL63,OCGT,1,2040,0.69
EL63,OCGT,1,2045,0.69
EL63,OCGT,1,2050,0.69
EL64,OCGT,1,2023,0.69
EL64,OCGT,1,2025,0.69
EL64,OCGT,1,2030,0.69
EL64,OCGT,1,2035,0.69
EL64,OCGT,1,2040,0.69
EL64,OCGT,1,2045,0.69
EL64,OCGT,1,2050,0.69
EL51,OCGT,1,2023,0.69
EL51,OCGT,1,2025,0.69
EL51,OCGT,1,2030,0.69
EL51,OCGT,1,2035,0.69
EL51,OCGT,1,2040,0.69
EL51,OCGT,1,2045,0.69
EL51,OCGT,1,2050,0.69
EL52,OCGT,1,2023,0.69
EL52,OCGT,1,2025,0.69
EL52,OCGT,1,2030,0.69
EL52,OCGT,1,2035,0.69
EL52,OCGT,1,2040,0.69
EL52,OCGT,1,2045,0.69
EL52,OCGT,1,2050,0.69
EL53,OCGT,1,2023,0.69
EL53,OCGT,1,2025,0.69
EL53,OCGT,1,2030,0.69
EL53,OCGT,1,2035,0.69
EL53,OCGT,1,2040,0.69
EL53,OCGT,1,2045,0.69
EL53,OCGT,1,2050,0.69
EL54,OCGT,1,2023,0.69
EL54,OCGT,1,2025,0.69
EL54,OCGT,1,2030,0.69
EL54,OCGT,1,2035,0.69
EL54,OCGT,1,2040,0.69
EL54,OCGT,1,2045,0.69
EL54,OCGT,1,2050,0.69
EL30,OCGT,1,2023,0.69
EL30,OCGT,1,2025,0.69
EL30,OCGT,1,2030,0.69
EL30,OCGT,1,2035,0.69
EL30,OCGT,1,2040,0.69
EL30,OCGT,1,2045,0.69
EL30,OCGT,1,2050,0.69
EL65,OCGT,1,2023,0.69
EL65,OCGT,1,2025,0.69
EL65,OCGT,1,2030,0.69
EL65,OCGT,1,2035,0.69
EL65,OCGT,1,2040,0.69
EL65,OCGT,1,2045,0.69
EL65,OCGT,1,2050,0.69
EL61,OffshoreWind,1,2023,0.12
EL61,OffshoreWind,1,2025,0.12
EL61,OffshoreWind,1,2030,0.12
EL61,OffshoreWind,1,2035,0.12
EL61,OffshoreWind,1,2040,0.12
EL61,OffshoreWind,1,2045,0.12
EL61,OffshoreWind,1,2050,0.12
EL62,OffshoreWind,1,2023,0.12
EL62,OffshoreWind,1,2025,0.12
EL62,OffshoreWind,1,2030,0.12
EL62,OffshoreWind,1,2035,0.12
EL62,OffshoreWind,1,2040,0.12
EL62,OffshoreWind,1,2045,0.12
EL62,OffshoreWind,1,2050,0.12
EL63,OffshoreWind,1,2023,0.12
EL63,OffshoreWind,1,2025,0.12
EL63,OffshoreWind,1,2030,0.12
EL63,OffshoreWind,1,2035,0.12
EL63,OffshoreWind,1,2040,0.12
EL63,OffshoreWind,1,2045,0.12
EL63,OffshoreWind,1,2050,0.12
EL64,OffshoreWind,1,2023,0.12
EL64,OffshoreWind,1,2025,0.12
EL64,OffshoreWind,1,2030,0.12
EL64,OffshoreWind,1,2035,0.12
EL64,OffshoreWind,1,2040,0.12
EL64,OffshoreWind,1,2045,0.12
EL64,OffshoreWind,1,2050,0.12
EL51,OffshoreWind,1,2023,0.12
EL51,OffshoreWind,1,2025,0.12
EL51,OffshoreWind,1,2030,0.12
EL51,OffshoreWind,1,2035,0.12
EL51,OffshoreWind,1,2040,0.12
EL51,OffshoreWind,1,2045,0.12
EL51,OffshoreWind,1,2050,0.12
EL52,OffshoreWind,1,2023,0.12
EL52,OffshoreWind,1,2025,0.12
EL52,OffshoreWind,1,2030,0.12
EL52,OffshoreWind,1,2035,0.12
EL52,OffshoreWind,1,2040,0.12
EL52,OffshoreWind,1,2045,0.12
EL52,OffshoreWind,1,2050,0.12
EL53,OffshoreWind,1,2023,0.12
EL53,OffshoreWind,1,2025,0.12
EL53,OffshoreWind,1,2030,0.12
EL53,OffshoreWind,1,2035,0.12
EL53,OffshoreWind,1,2040,0.12
EL53,OffshoreWind,1,2045,0.12
EL53,OffshoreWind,1,2050,0.12
EL54,OffshoreWind,1,2023,0.12
EL54,OffshoreWind,1,2025,0.12
EL54,OffshoreWind,1,2030,0.12
EL54,OffshoreWind,1,2035,0.12
EL54,OffshoreWind,1,2040,0.12
EL54,OffshoreWind,1,2045,0.12
EL54,OffshoreWind,1,2050,0.12
EL30,OffshoreWind,1,2023,0.12
EL30,OffshoreWind,1,2025,0.12
EL30,OffshoreWind,1,2030,0.12
EL30,OffshoreWind,1,2035,0.12
EL30,OffshoreWind,1,2040,0.12
EL30,OffshoreWind,1,2045,0.12
EL30,OffshoreWind,1,2050,0.12
EL65,OffshoreWind,1,2023,0.12
EL65,OffshoreWind,1,2025,0.12
EL65,OffshoreWind,1,2030,0.12
EL65,OffshoreWind,1,2035,0.12
EL65,OffshoreWind,1,2040,0.12
EL65,OffshoreWind,1,2045,0.12
EL65,OffshoreWind,1,2050,0.12
Crete,OffshoreWind,1,2023,0.12
Crete,OffshoreWind,1,2025,0.12
Crete,OffshoreWind,1,2030,0.12
Crete,OffshoreWind,1,2035,0.12
Crete,OffshoreWind,1,2040,0.12
Crete,OffshoreWind,1,2045,0.12
Crete,OffshoreWind,1,2050,0.12
THIRA,OffshoreWind,1,2023,0.12
THIRA,OffshoreWind,1,2025,0.12
THIRA,OffshoreWind,1,2030,0.12
THIRA,OffshoreWind,1,2035,0.12
THIRA,OffshoreWind,1,2040,0.12
THIRA,OffshoreWind,1,2045,0.12
THIRA,OffshoreWind,1,2050,0.12
SAMOS,OffshoreWind,1,2023,0.12
SAMOS,OffshoreWind,1,2025,0.12
SAMOS,OffshoreWind,1,2030,0.12
SAMOS,OffshoreWind,1,2035,0.12
SAMOS,OffshoreWind,1,2040,0.12
SAMOS,OffshoreWind,1,2045,0.12
SAMOS,OffshoreWind,1,2050,0.12
CHIOS,OffshoreWind,1,2023,0.12
CHIOS,OffshoreWind,1,2025,0.12
CHIOS,OffshoreWind,1,2030,0.12
CHIOS,OffshoreWind,1,2035,0.12
CHIOS,OffshoreWind,1,2040,0.12
CHIOS,OffshoreWind,1,2045,0.12
CHIOS,OffshoreWind,1,2050,0.12
LESVOS,OffshoreWind,1,2023,0.12
LESVOS,OffshoreWind,1,2025,0.12
LESVOS,OffshoreWind,1,2030,0.12
LESVOS,OffshoreWind,1,2035,0.12
LESVOS,OffshoreWind,1,2040,0.12
LESVOS,OffshoreWind,1,2045,0.12
LESVOS,OffshoreWind,1,2050,0.12
LEMNOS,OffshoreWind,1,2023,0.12
LEMNOS,OffshoreWind,1,2025,0.12
LEMNOS,OffshoreWind,1,2030,0.12
LEMNOS,OffshoreWind,1,2035,0.12
LEMNOS,OffshoreWind,1,2040,0.12
LEMNOS,OffshoreWind,1,2045,0.12
LEMNOS,OffshoreWind,1,2050,0.12
KOS,OffshoreWind,1,2023,0.12
KOS,OffshoreWind,1,2025,0.12
KOS,OffshoreWind,1,2030,0.12
KOS,OffshoreWind,1,2035,0.12
KOS,OffshoreWind,1,2040,0.12
KOS,OffshoreWind,1,2045,0.12
KOS,OffshoreWind,1,2050,0.12
KARPATHOS,OffshoreWind,1,2023,0.12
KARPATHOS,OffshoreWind,1,2025,0.12
KARPATHOS,OffshoreWind,1,2030,0.12
KARPATHOS,OffshoreWind,1,2035,0.12
KARPATHOS,OffshoreWind,1,2040,0.12
KARPATHOS,OffshoreWind,1,2045,0.12
KARPATHOS,OffshoreWind,1,2050,0.12
RODOS,OffshoreWind,1,2023,0.12
RODOS,OffshoreWind,1,2025,0.12
RODOS,OffshoreWind,1,2030,0.12
RODOS,OffshoreWind,1,2035,0.12
RODOS,OffshoreWind,1,2040,0.12
RODOS,OffshoreWind,1,2045,0.12
RODOS,OffshoreWind,1,2050,0.12
SKYROS,OffshoreWind,1,2023,0.12
SKYROS,OffshoreWind,1,2025,0.12
SKYROS,OffshoreWind,1,2030,0.12
SKYROS,OffshoreWind,1,2035,0.12
SKYROS,OffshoreWind,1,2040,0.12
SKYROS,OffshoreWind,1,2045,0.12
SKYROS,OffshoreWind,1,2050,0.12
SERIFOS,OffshoreWind,1,2023,0.12
SERIFOS,OffshoreWind,1,2025,0.12
SERIFOS,OffshoreWind,1,2030,0.12
SERIFOS,OffshoreWind,1,2035,0.12
SERIFOS,OffshoreWind,1,2040,0.12
SERIFOS,OffshoreWind,1,2045,0.12
SERIFOS,OffshoreWind,1,2050,0.12
EL61,OilImports,1,2023,13.39869282
EL61,OilImports,1,2025,18.17647028
EL61,OilImports,1,2030,18.17647028
EL61,OilImports,1,2035,18.17647028
EL61,OilImports,1,2040,18.17647028
EL61,OilImports,1,2045,18.17647028
EL61,OilImports,1,2050,18.17647028
EL62,OilImports,1,2023,13.39869282
EL62,OilImports,1,2025,18.17647028
EL62,OilImports,1,2030,18.17647028
EL62,OilImports,1,2035,18.17647028
EL62,OilImports,1,2040,18.17647028
EL62,OilImports,1,2045,18.17647028
EL62,OilImports,1,2050,18.17647028
EL63,OilImports,1,2023,13.39869282
EL63,OilImports,1,2025,18.17647028
EL63,OilImports,1,2030,18.17647028
EL63,OilImports,1,2035,18.17647028
EL63,OilImports,1,2040,18.17647028
EL63,OilImports,1,2045,18.17647028
EL63,OilImports,1,2050,18.17647028
EL64,OilImports,1,2023,13.39869282
EL64,OilImports,1,2025,18.17647028
EL64,OilImports,1,2030,18.17647028
EL64,OilImports,1,2035,18.17647028
EL64,OilImports,1,2040,18.17647028
EL64,OilImports,1,2045,18.17647028
EL64,OilImports,1,2050,18.17647028
EL51,OilImports,1,2023,13.39869282
EL51,OilImports,1,2025,18.17647028
EL51,OilImports,1,2030,18.17647028
EL51,OilImports,1,2035,18.17647028
EL51,OilImports,1,2040,18.17647028
EL51,OilImports,1,2045,18.17647028
EL51,OilImports,1,2050,18.17647028
EL52,OilImports,1,2023,13.39869282
EL52,OilImports,1,2025,18.17647028
EL52,OilImports,1,2030,18.17647028
EL52,OilImports,1,2035,18.17647028
EL52,OilImports,1,2040,18.17647028
EL52,OilImports,1,2045,18.17647028
EL52,OilImports,1,2050,18.17647028
EL53,OilImports,1,2023,13.39869282
EL53,OilImports,1,2025,18.17647028
EL53,OilImports,1,2030,18.17647028
EL53,OilImports,1,2035,18.17647028
EL53,OilImports,1,2040,18.17647028
EL53,OilImports,1,2045,18.17647028
EL53,OilImports,1,2050,18.17647028
EL54,OilImports,1,2023,13.39869282
EL54,OilImports,1,2025,18.17647028
EL54,OilImports,1,2030,18.17647028
EL54,OilImports,1,2035,18.17647028
EL54,OilImports,1,2040,18.17647028
EL54,OilImports,1,2045,18.17647028
EL54,OilImports,1,2050,18.17647028
EL30,OilImports,1,2023,13.39869282
EL30,OilImports,1,2025,18.17647028
EL30,OilImports,1,2030,18.17647028
EL30,OilImports,1,2035,18.17647028
EL30,OilImports,1,2040,18.17647028
EL30,OilImports,1,2045,18.17647028
EL30,OilImports,1,2050,18.17647028
EL65,OilImports,1,2023,13.39869282
EL65,OilImports,1,2025,18.17647028
EL65,OilImports,1,2030,18.17647028
EL65,OilImports,1,2035,18.17647028
EL65,OilImports,1,2040,18.17647028
EL65,OilImports,1,2045,18.17647028
EL65,OilImports,1,2050,18.17647028
THIRA,OilImports,1,2023,13.39869282
THIRA,OilImports,1,2025,18.17647028
THIRA,OilImports,1,2030,18.17647028
THIRA,OilImports,1,2035,18.17647028
THIRA,OilImports,1,2040,18.17647028
THIRA,OilImports,1,2045,18.17647028
THIRA,OilImports,1,2050,18.17647028
SAMOS,OilImports,1,2023,13.39869282
SAMOS,OilImports,1,2025,18.17647028
SAMOS,OilImports,1,2030,18.17647028
SAMOS,OilImports,1,2035,18.17647028
SAMOS,OilImports,1,2040,18.17647028
SAMOS,OilImports,1,2045,18.17647028
SAMOS,OilImports,1,2050,18.17647028
RODOS,OilImports,1,2023,13.39869282
RODOS,OilImports,1,2025,18.17647028
RODOS,OilImports,1,2030,18.17647028
RODOS,OilImports,1,2035,18.17647028
RODOS,OilImports,1,2040,18.17647028
RODOS,OilImports,1,2045,18.17647028
RODOS,OilImports,1,2050,18.17647028
LESVOS,OilImports,1,2023,13.39869282
LESVOS,OilImports,1,2025,18.17647028
LESVOS,OilImports,1,2030,18.17647028
LESVOS,OilImports,1,2035,18.17647028
LESVOS,OilImports,1,2040,18.17647028
LESVOS,OilImports,1,2045,18.17647028
LESVOS,OilImports,1,2050,18.17647028
LEMNOS,OilImports,1,2023,13.39869282
LEMNOS,OilImports,1,2025,18.17647028
LEMNOS,OilImports,1,2030,18.17647028
LEMNOS,OilImports,1,2035,18.17647028
LEMNOS,OilImports,1,2040,18.17647028
LEMNOS,OilImports,1,2045,18.17647028
LEMNOS,OilImports,1,2050,18.17647028
KOS,OilImports,1,2023,13.39869282
KOS,OilImports,1,2025,18.17647028
KOS,OilImports,1,2030,18.17647028
KOS,OilImports,1,2035,18.17647028
KOS,OilImports,1,2040,18.17647028
KOS,OilImports,1,2045,18.17647028
KOS,OilImports,1,2050,18.17647028
KARPATHOS,OilImports,1,2023,13.39869282
KARPATHOS,OilImports,1,2025,18.17647028
KARPATHOS,OilImports,1,2030,18.17647028
KARPATHOS,OilImports,1,2035,18.17647028
KARPATHOS,OilImports,1,2040,18.17647028
KARPATHOS,OilImports,1,2045,18.17647028
KARPATHOS,OilImports,1,2050,18.17647028
CHIOS,OilImports,1,2023,13.39869282
CHIOS,OilImports,1,2025,18.17647028
CHIOS,OilImports,1,2030,18.17647028
CHIOS,OilImports,1,2035,18.17647028
CHIOS,OilImports,1,2040,18.17647028
CHIOS,OilImports,1,2045,18.17647028
CHIOS,OilImports,1,2050,18.17647028
SKYROS,OilImports,1,2023,13.39869282
SKYROS,OilImports,1,2025,18.17647028
SKYROS,OilImports,1,2030,18.17647028
SKYROS,OilImports,1,2035,18.17647028
SKYROS,OilImports,1,2040,18.17647028
SKYROS,OilImports,1,2045,18.17647028
SKYROS,OilImports,1,2050,18.17647028
SERIFOS,OilImports,1,2023,13.39869282
SERIFOS,OilImports,1,2025,18.17647028
SERIFOS,OilImports,1,2030,18.17647028
SERIFOS,OilImports,1,2035,18.17647028
SERIFOS,OilImports,1,2040,18.17647028
SERIFOS,OilImports,1,2045,18.17647028
SERIFOS,OilImports,1,2050,18.17647028
Crete,OilImports,1,2023,13.39869282
Crete,OilImports,1,2025,18.17647028
Crete,OilImports,1,2030,18.17647028
Crete,OilImports,1,2035,18.17647028
Crete,OilImports,1,2040,18.17647028
Crete,OilImports,1,2045,18.17647028
Crete,OilImports,1,2050,18.17647028
EL54,Pigwn_Aoou,1,2023,0.09
EL54,Pigwn_Aoou,1,2025,0.09
EL54,Pigwn_Aoou,1,2030,0.09
EL54,Pigwn_Aoou,1,2035,0.09
EL54,Pigwn_Aoou,1,2040,0.09
EL54,Pigwn_Aoou,1,2045,0.09
EL54,Pigwn_Aoou,1,2050,0.09
EL61,Plastira,1,2023,0.09
EL61,Plastira,1,2025,0.09
EL61,Plastira,1,2030,0.09
EL61,Plastira,1,2035,0.09
EL61,Plastira,1,2040,0.09
EL61,Plastira,1,2045,0.09
EL61,Plastira,1,2050,0.09
EL51,Platanovrisis,1,2023,0.09
EL51,Platanovrisis,1,2025,0.09
EL51,Platanovrisis,1,2030,0.09
EL51,Platanovrisis,1,2035,0.09
EL51,Platanovrisis,1,2040,0.09
EL51,Platanovrisis,1,2045,0.09
EL51,Platanovrisis,1,2050,0.09
EL53,Polifitou,1,2023,0.09
EL53,Polifitou,1,2025,0.09
EL53,Polifitou,1,2030,0.09
EL53,Polifitou,1,2035,0.09
EL53,Polifitou,1,2040,0.09
EL53,Polifitou,1,2045,0.09
EL53,Polifitou,1,2050,0.09
EL54,Pournarou_I,1,2023,0.09
EL54,Pournarou_I,1,2025,0.09
EL54,Pournarou_I,1,2030,0.09
EL54,Pournarou_I,1,2035,0.09
EL54,Pournarou_I,1,2040,0.09
EL54,Pournarou_I,1,2045,0.09
EL54,Pournarou_I,1,2050,0.09
EL54,Pournarou_II,1,2023,0.09
EL54,Pournarou_II,1,2025,0.09
EL54,Pournarou_II,1,2030,0.09
EL54,Pournarou_II,1,2035,0.09
EL54,Pournarou_II,1,2040,0.09
EL54,Pournarou_II,1,2045,0.09
EL54,Pournarou_II,1,2050,0.09
EL64,PROTERGIA_CC,1,2023,0.69
EL64,PROTERGIA_CC,1,2025,0.69
EL64,PROTERGIA_CC,1,2030,0.69
EL64,PROTERGIA_CC,1,2035,0.69
EL64,PROTERGIA_CC,1,2040,0.69
EL64,PROTERGIA_CC,1,2045,0.69
EL64,PROTERGIA_CC,1,2050,0.69
EL53,Ptolemaidas_V,1,2023,0.33
EL53,Ptolemaidas_V,1,2025,0.33
EL53,Ptolemaidas_V,1,2030,0.33
EL53,Ptolemaidas_V,1,2035,0.33
EL53,Ptolemaidas_V,1,2040,0.33
EL53,Ptolemaidas_V,1,2045,0.33
EL53,Ptolemaidas_V,1,2050,0.33
EL51,PV,1,2023,0.001
EL51,PV,1,2025,0.001
EL51,PV,1,2030,0.001
EL51,PV,1,2035,0.001
EL51,PV,1,2040,0.001
EL51,PV,1,2045,0.001
EL51,PV,1,2050,0.001
EL52,PV,1,2023,0.001
EL52,PV,1,2025,0.001
EL52,PV,1,2030,0.001
EL52,PV,1,2035,0.001
EL52,PV,1,2040,0.001
EL52,PV,1,2045,0.001
EL52,PV,1,2050,0.001
EL53,PV,1,2023,0.001
EL53,PV,1,2025,0.001
EL53,PV,1,2030,0.001
EL53,PV,1,2035,0.001
EL53,PV,1,2040,0.001
EL53,PV,1,2045,0.001
EL53,PV,1,2050,0.001
EL54,PV,1,2023,0.001
EL54,PV,1,2025,0.001
EL54,PV,1,2030,0.001
EL54,PV,1,2035,0.001
EL54,PV,1,2040,0.001
EL54,PV,1,2045,0.001
EL54,PV,1,2050,0.001
EL61,PV,1,2023,0.001
EL61,PV,1,2025,0.001
EL61,PV,1,2030,0.001
EL61,PV,1,2035,0.001
EL61,PV,1,2040,0.001
EL61,PV,1,2045,0.001
EL61,PV,1,2050,0.001
EL62,PV,1,2023,0.001
EL62,PV,1,2025,0.001
EL62,PV,1,2030,0.001
EL62,PV,1,2035,0.001
EL62,PV,1,2040,0.001
EL62,PV,1,2045,0.001
EL62,PV,1,2050,0.001
EL63,PV,1,2023,0.001
EL63,PV,1,2025,0.001
EL63,PV,1,2030,0.001
EL63,PV,1,2035,0.001
EL63,PV,1,2040,0.001
EL63,PV,1,2045,0.001
EL63,PV,1,2050,0.001
EL64,PV,1,2023,0.001
EL64,PV,1,2025,0.001
EL64,PV,1,2030,0.001
EL64,PV,1,2035,0.001
EL64,PV,1,2040,0.001
EL64,PV,1,2045,0.001
EL64,PV,1,2050,0.001
EL30,PV,1,2023,0.001
EL30,PV,1,2025,0.001
EL30,PV,1,2030,0.001
EL30,PV,1,2035,0.001
EL30,PV,1,2040,0.001
EL30,PV,1,2045,0.001
EL30,PV,1,2050,0.001
EL65,PV,1,2023,0.001
EL65,PV,1,2025,0.001
EL65,PV,1,2030,0.001
EL65,PV,1,2035,0.001
EL65,PV,1,2040,0.001
EL65,PV,1,2045,0.001
EL65,PV,1,2050,0.001
Crete,PV,1,2023,0.001
Crete,PV,1,2025,0.001
Crete,PV,1,2030,0.001
Crete,PV,1,2035,0.001
Crete,PV,1,2040,0.001
Crete,PV,1,2045,0.001
Crete,PV,1,2050,0.001
THIRA,PV,1,2023,0.001
THIRA,PV,1,2025,0.001
THIRA,PV,1,2030,0.001
THIRA,PV,1,2035,0.001
THIRA,PV,1,2040,0.001
THIRA,PV,1,2045,0.001
THIRA,PV,1,2050,0.001
SAMOS,PV,1,2023,0.001
SAMOS,PV,1,2025,0.001
SAMOS,PV,1,2030,0.001
SAMOS,PV,1,2035,0.001
SAMOS,PV,1,2040,0.001
SAMOS,PV,1,2045,0.001
SAMOS,PV,1,2050,0.001
CHIOS,PV,1,2023,0.001
CHIOS,PV,1,2025,0.001
CHIOS,PV,1,2030,0.001
CHIOS,PV,1,2035,0.001
CHIOS,PV,1,2040,0.001
CHIOS,PV,1,2045,0.001
CHIOS,PV,1,2050,0.001
LESVOS,PV,1,2023,0.001
LESVOS,PV,1,2025,0.001
LESVOS,PV,1,2030,0.001
LESVOS,PV,1,2035,0.001
LESVOS,PV,1,2040,0.001
LESVOS,PV,1,2045,0.001
LESVOS,PV,1,2050,0.001
LEMNOS,PV,1,2023,0.001
LEMNOS,PV,1,2025,0.001
LEMNOS,PV,1,2030,0.001
LEMNOS,PV,1,2035,0.001
LEMNOS,PV,1,2040,0.001
LEMNOS,PV,1,2045,0.001
LEMNOS,PV,1,2050,0.001
KOS,PV,1,2023,0.001
KOS,PV,1,2025,0.001
KOS,PV,1,2030,0.001
KOS,PV,1,2035,0.001
KOS,PV,1,2040,0.001
KOS,PV,1,2045,0.001
KOS,PV,1,2050,0.001
KARPATHOS,PV,1,2023,0.001
KARPATHOS,PV,1,2025,0.001
KARPATHOS,PV,1,2030,0.001
KARPATHOS,PV,1,2035,0.001
KARPATHOS,PV,1,2040,0.001
KARPATHOS,PV,1,2045,0.001
KARPATHOS,PV,1,2050,0.001
RODOS,PV,1,2023,0.001
RODOS,PV,1,2025,0.001
RODOS,PV,1,2030,0.001
RODOS,PV,1,2035,0.001
RODOS,PV,1,2040,0.001
RODOS,PV,1,2045,0.001
RODOS,PV,1,2050,0.001
SKYROS,PV,1,2023,0.001
SKYROS,PV,1,2025,0.001
SKYROS,PV,1,2030,0.001
SKYROS,PV,1,2035,0.001
SKYROS,PV,1,2040,0.001
SKYROS,PV,1,2045,0.001
SKYROS,PV,1,2050,0.001
SERIFOS,PV,1,2023,0.001
SERIFOS,PV,1,2025,0.001
SERIFOS,PV,1,2030,0.001
SERIFOS,PV,1,2035,0.001
SERIFOS,PV,1,2040,0.001
SERIFOS,PV,1,2045,0.001
SERIFOS,PV,1,2050,0.001
EL51,PV_Ex,1,2023,0.001
EL51,PV_Ex,1,2025,0.001
EL51,PV_Ex,1,2030,0.001
EL51,PV_Ex,1,2035,0.001
EL51,PV_Ex,1,2040,0.001
EL51,PV_Ex,1,2045,0.001
EL51,PV_Ex,1,2050,0.001
EL52,PV_Ex,1,2023,0.001
EL52,PV_Ex,1,2025,0.001
EL52,PV_Ex,1,2030,0.001
EL52,PV_Ex,1,2035,0.001
EL52,PV_Ex,1,2040,0.001
EL52,PV_Ex,1,2045,0.001
EL52,PV_Ex,1,2050,0.001
EL53,PV_Ex,1,2023,0.001
EL53,PV_Ex,1,2025,0.001
EL53,PV_Ex,1,2030,0.001
EL53,PV_Ex,1,2035,0.001
EL53,PV_Ex,1,2040,0.001
EL53,PV_Ex,1,2045,0.001
EL53,PV_Ex,1,2050,0.001
EL54,PV_Ex,1,2023,0.001
EL54,PV_Ex,1,2025,0.001
EL54,PV_Ex,1,2030,0.001
EL54,PV_Ex,1,2035,0.001
EL54,PV_Ex,1,2040,0.001
EL54,PV_Ex,1,2045,0.001
EL54,PV_Ex,1,2050,0.001
EL61,PV_Ex,1,2023,0.001
EL61,PV_Ex,1,2025,0.001
EL61,PV_Ex,1,2030,0.001
EL61,PV_Ex,1,2035,0.001
EL61,PV_Ex,1,2040,0.001
EL61,PV_Ex,1,2045,0.001
EL61,PV_Ex,1,2050,0.001
EL62,PV_Ex,1,2023,0.001
EL62,PV_Ex,1,2025,0.001
EL62,PV_Ex,1,2030,0.001
EL62,PV_Ex,1,2035,0.001
EL62,PV_Ex,1,2040,0.001
EL62,PV_Ex,1,2045,0.001
EL62,PV_Ex,1,2050,0.001
EL63,PV_Ex,1,2023,0.001
EL63,PV_Ex,1,2025,0.001
EL63,PV_Ex,1,2030,0.001
EL63,PV_Ex,1,2035,0.001
EL63,PV_Ex,1,2040,0.001
EL63,PV_Ex,1,2045,0.001
EL63,PV_Ex,1,2050,0.001
EL64,PV_Ex,1,2023,0.001
EL64,PV_Ex,1,2025,0.001
EL64,PV_Ex,1,2030,0.001
EL64,PV_Ex,1,2035,0.001
EL64,PV_Ex,1,2040,0.001
EL64,PV_Ex,1,2045,0.001
EL64,PV_Ex,1,2050,0.001
EL30,PV_Ex,1,2023,0.001
EL30,PV_Ex,1,2025,0.001
EL30,PV_Ex,1,2030,0.001
EL30,PV_Ex,1,2035,0.001
EL30,PV_Ex,1,2040,0.001
EL30,PV_Ex,1,2045,0.001
EL30,PV_Ex,1,2050,0.001
EL65,PV_Ex,1,2023,0.001
EL65,PV_Ex,1,2025,0.001
EL65,PV_Ex,1,2030,0.001
EL65,PV_Ex,1,2035,0.001
EL65,PV_Ex,1,2040,0.001
EL65,PV_Ex,1,2045,0.001
EL65,PV_Ex,1,2050,0.001
Crete,PV_Ex,1,2023,0.001
Crete,PV_Ex,1,2025,0.001
Crete,PV_Ex,1,2030,0.001
Crete,PV_Ex,1,2035,0.001
Crete,PV_Ex,1,2040,0.001
Crete,PV_Ex,1,2045,0.001
Crete,PV_Ex,1,2050,0.001
THIRA,PV_Ex,1,2023,0.001
THIRA,PV_Ex,1,2025,0.001
THIRA,PV_Ex,1,2030,0.001
THIRA,PV_Ex,1,2035,0.001
THIRA,PV_Ex,1,2040,0.001
THIRA,PV_Ex,1,2045,0.001
THIRA,PV_Ex,1,2050,0.001
SAMOS,PV_Ex,1,2023,0.001
SAMOS,PV_Ex,1,2025,0.001
SAMOS,PV_Ex,1,2030,0.001
SAMOS,PV_Ex,1,2035,0.001
SAMOS,PV_Ex,1,2040,0.001
SAMOS,PV_Ex,1,2045,0.001
SAMOS,PV_Ex,1,2050,0.001
CHIOS,PV_Ex,1,2023,0.001
CHIOS,PV_Ex,1,2025,0.001
CHIOS,PV_Ex,1,2030,0.001
CHIOS,PV_Ex,1,2035,0.001
CHIOS,PV_Ex,1,2040,0.001
CHIOS,PV_Ex,1,2045,0.001
CHIOS,PV_Ex,1,2050,0.001
LESVOS,PV_Ex,1,2023,0.001
LESVOS,PV_Ex,1,2025,0.001
LESVOS,PV_Ex,1,2030,0.001
LESVOS,PV_Ex,1,2035,0.001
LESVOS,PV_Ex,1,2040,0.001
LESVOS,PV_Ex,1,2045,0.001
LESVOS,PV_Ex,1,2050,0.001
LEMNOS,PV_Ex,1,2023,0.001
LEMNOS,PV_Ex,1,2025,0.001
LEMNOS,PV_Ex,1,2030,0.001
LEMNOS,PV_Ex,1,2035,0.001
LEMNOS,PV_Ex,1,2040,0.001
LEMNOS,PV_Ex,1,2045,0.001
LEMNOS,PV_Ex,1,2050,0.001
KOS,PV_Ex,1,2023,0.001
KOS,PV_Ex,1,2025,0.001
KOS,PV_Ex,1,2030,0.001
KOS,PV_Ex,1,2035,0.001
KOS,PV_Ex,1,2040,0.001
KOS,PV_Ex,1,2045,0.001
KOS,PV_Ex,1,2050,0.001
KARPATHOS,PV_Ex,1,2023,0.001
KARPATHOS,PV_Ex,1,2025,0.001
KARPATHOS,PV_Ex,1,2030,0.001
KARPATHOS,PV_Ex,1,2035,0.001
KARPATHOS,PV_Ex,1,2040,0.001
KARPATHOS,PV_Ex,1,2045,0.001
KARPATHOS,PV_Ex,1,2050,0.001
RODOS,PV_Ex,1,2023,0.001
RODOS,PV_Ex,1,2025,0.001
RODOS,PV_Ex,1,2030,0.001
RODOS,PV_Ex,1,2035,0.001
RODOS,PV_Ex,1,2040,0.001
RODOS,PV_Ex,1,2045,0.001
RODOS,PV_Ex,1,2050,0.001
SKYROS,PV_Ex,1,2023,0.001
SKYROS,PV_Ex,1,2025,0.001
SKYROS,PV_Ex,1,2030,0.001
SKYROS,PV_Ex,1,2035,0.001
SKYROS,PV_Ex,1,2040,0.001
SKYROS,PV_Ex,1,2045,0.001
SKYROS,PV_Ex,1,2050,0.001
SERIFOS,PV_Ex,1,2023,0.001
SERIFOS,PV_Ex,1,2025,0.001
SERIFOS,PV_Ex,1,2030,0.001
SERIFOS,PV_Ex,1,2035,0.001
SERIFOS,PV_Ex,1,2040,0.001
SERIFOS,PV_Ex,1,2045,0.001
SERIFOS,PV_Ex,1,2050,0.001
RODOS,Rodos,1,2023,1.66
RODOS,Rodos,1,2025,1.66
RODOS,Rodos,1,2030,1.66
RODOS,Rodos,1,2035,1.66
RODOS,Rodos,1,2040,1.66
RODOS,Rodos,1,2045,1.66
RODOS,Rodos,1,2050,1.66
EL65,RooftopPV,1,2023,0.001
EL65,RooftopPV,1,2025,0.001
EL65,RooftopPV,1,2030,0.001
EL65,RooftopPV,1,2035,0.001
EL65,RooftopPV,1,2040,0.001
EL65,RooftopPV,1,2045,0.001
EL65,RooftopPV,1,2050,0.001
Crete,RooftopPV,1,2023,0.001
Crete,RooftopPV,1,2025,0.001
Crete,RooftopPV,1,2030,0.001
Crete,RooftopPV,1,2035,0.001
Crete,RooftopPV,1,2040,0.001
Crete,RooftopPV,1,2045,0.001
Crete,RooftopPV,1,2050,0.001
THIRA,RooftopPV,1,2023,0.001
THIRA,RooftopPV,1,2025,0.001
THIRA,RooftopPV,1,2030,0.001
THIRA,RooftopPV,1,2035,0.001
THIRA,RooftopPV,1,2040,0.001
THIRA,RooftopPV,1,2045,0.001
THIRA,RooftopPV,1,2050,0.001
SAMOS,RooftopPV,1,2023,0.001
SAMOS,RooftopPV,1,2025,0.001
SAMOS,RooftopPV,1,2030,0.001
SAMOS,RooftopPV,1,2035,0.001
SAMOS,RooftopPV,1,2040,0.001
SAMOS,RooftopPV,1,2045,0.001
SAMOS,RooftopPV,1,2050,0.001
CHIOS,RooftopPV,1,2023,0.001
CHIOS,RooftopPV,1,2025,0.001
CHIOS,RooftopPV,1,2030,0.001
CHIOS,RooftopPV,1,2035,0.001
CHIOS,RooftopPV,1,2040,0.001
CHIOS,RooftopPV,1,2045,0.001
CHIOS,RooftopPV,1,2050,0.001
LESVOS,RooftopPV,1,2023,0.001
LESVOS,RooftopPV,1,2025,0.001
LESVOS,RooftopPV,1,2030,0.001
LESVOS,RooftopPV,1,2035,0.001
LESVOS,RooftopPV,1,2040,0.001
LESVOS,RooftopPV,1,2045,0.001
LESVOS,RooftopPV,1,2050,0.001
LEMNOS,RooftopPV,1,2023,0.001
LEMNOS,RooftopPV,1,2025,0.001
LEMNOS,RooftopPV,1,2030,0.001
LEMNOS,RooftopPV,1,2035,0.001
LEMNOS,RooftopPV,1,2040,0.001
LEMNOS,RooftopPV,1,2045,0.001
LEMNOS,RooftopPV,1,2050,0.001
KOS,RooftopPV,1,2023,0.001
KOS,RooftopPV,1,2025,0.001
KOS,RooftopPV,1,2030,0.001
KOS,RooftopPV,1,2035,0.001
KOS,RooftopPV,1,2040,0.001
KOS,RooftopPV,1,2045,0.001
KOS,RooftopPV,1,2050,0.001
KARPATHOS,RooftopPV,1,2023,0.001
KARPATHOS,RooftopPV,1,2025,0.001
KARPATHOS,RooftopPV,1,2030,0.001
KARPATHOS,RooftopPV,1,2035,0.001
KARPATHOS,RooftopPV,1,2040,0.001
KARPATHOS,RooftopPV,1,2045,0.001
KARPATHOS,RooftopPV,1,2050,0.001
RODOS,RooftopPV,1,2023,0.001
RODOS,RooftopPV,1,2025,0.001
RODOS,RooftopPV,1,2030,0.001
RODOS,RooftopPV,1,2035,0.001
RODOS,RooftopPV,1,2040,0.001
RODOS,RooftopPV,1,2045,0.001
RODOS,RooftopPV,1,2050,0.001
SKYROS,RooftopPV,1,2023,0.001
SKYROS,RooftopPV,1,2025,0.001
SKYROS,RooftopPV,1,2030,0.001
SKYROS,RooftopPV,1,2035,0.001
SKYROS,RooftopPV,1,2040,0.001
SKYROS,RooftopPV,1,2045,0.001
SKYROS,RooftopPV,1,2050,0.001
SERIFOS,RooftopPV,1,2023,0.001
SERIFOS,RooftopPV,1,2025,0.001
SERIFOS,RooftopPV,1,2030,0.001
SERIFOS,RooftopPV,1,2035,0.001
SERIFOS,RooftopPV,1,2040,0.001
SERIFOS,RooftopPV,1,2045,0.001
SERIFOS,RooftopPV,1,2050,0.001
EL65,RooftopPV_Ex,1,2023,0.001
EL65,RooftopPV_Ex,1,2025,0.001
EL65,RooftopPV_Ex,1,2030,0.001
EL65,RooftopPV_Ex,1,2035,0.001
EL65,RooftopPV_Ex,1,2040,0.001
EL65,RooftopPV_Ex,1,2045,0.001
EL65,RooftopPV_Ex,1,2050,0.001
Crete,RooftopPV_Ex,1,2023,0.001
Crete,RooftopPV_Ex,1,2025,0.001
Crete,RooftopPV_Ex,1,2030,0.001
Crete,RooftopPV_Ex,1,2035,0.001
Crete,RooftopPV_Ex,1,2040,0.001
Crete,RooftopPV_Ex,1,2045,0.001
Crete,RooftopPV_Ex,1,2050,0.001
THIRA,RooftopPV_Ex,1,2023,0.001
THIRA,RooftopPV_Ex,1,2025,0.001
THIRA,RooftopPV_Ex,1,2030,0.001
THIRA,RooftopPV_Ex,1,2035,0.001
THIRA,RooftopPV_Ex,1,2040,0.001
THIRA,RooftopPV_Ex,1,2045,0.001
THIRA,RooftopPV_Ex,1,2050,0.001
SAMOS,RooftopPV_Ex,1,2023,0.001
SAMOS,RooftopPV_Ex,1,2025,0.001
SAMOS,RooftopPV_Ex,1,2030,0.001
SAMOS,RooftopPV_Ex,1,2035,0.001
SAMOS,RooftopPV_Ex,1,2040,0.001
SAMOS,RooftopPV_Ex,1,2045,0.001
SAMOS,RooftopPV_Ex,1,2050,0.001
CHIOS,RooftopPV_Ex,1,2023,0.001
CHIOS,RooftopPV_Ex,1,2025,0.001
CHIOS,RooftopPV_Ex,1,2030,0.001
CHIOS,RooftopPV_Ex,1,2035,0.001
CHIOS,RooftopPV_Ex,1,2040,0.001
CHIOS,RooftopPV_Ex,1,2045,0.001
CHIOS,RooftopPV_Ex,1,2050,0.001
LESVOS,RooftopPV_Ex,1,2023,0.001
LESVOS,RooftopPV_Ex,1,2025,0.001
LESVOS,RooftopPV_Ex,1,2030,0.001
LESVOS,RooftopPV_Ex,1,2035,0.001
LESVOS,RooftopPV_Ex,1,2040,0.001
LESVOS,RooftopPV_Ex,1,2045,0.001
LESVOS,RooftopPV_Ex,1,2050,0.001
LEMNOS,RooftopPV_Ex,1,2023,0.001
LEMNOS,RooftopPV_Ex,1,2025,0.001
LEMNOS,RooftopPV_Ex,1,2030,0.001
LEMNOS,RooftopPV_Ex,1,2035,0.001
LEMNOS,RooftopPV_Ex,1,2040,0.001
LEMNOS,RooftopPV_Ex,1,2045,0.001
LEMNOS,RooftopPV_Ex,1,2050,0.001
KOS,RooftopPV_Ex,1,2023,0.001
KOS,RooftopPV_Ex,1,2025,0.001
KOS,RooftopPV_Ex,1,2030,0.001
KOS,RooftopPV_Ex,1,2035,0.001
KOS,RooftopPV_Ex,1,2040,0.001
KOS,RooftopPV_Ex,1,2045,0.001
KOS,RooftopPV_Ex,1,2050,0.001
KARPATHOS,RooftopPV_Ex,1,2023,0.001
KARPATHOS,RooftopPV_Ex,1,2025,0.001
KARPATHOS,RooftopPV_Ex,1,2030,0.001
KARPATHOS,RooftopPV_Ex,1,2035,0.001
KARPATHOS,RooftopPV_Ex,1,2040,0.001
KARPATHOS,RooftopPV_Ex,1,2045,0.001
KARPATHOS,RooftopPV_Ex,1,2050,0.001
RODOS,RooftopPV_Ex,1,2023,0.001
RODOS,RooftopPV_Ex,1,2025,0.001
RODOS,RooftopPV_Ex,1,2030,0.001
RODOS,RooftopPV_Ex,1,2035,0.001
RODOS,RooftopPV_Ex,1,2040,0.001
RODOS,RooftopPV_Ex,1,2045,0.001
RODOS,RooftopPV_Ex,1,2050,0.001
SKYROS,RooftopPV_Ex,1,2023,0.001
SKYROS,RooftopPV_Ex,1,2025,0.001
SKYROS,RooftopPV_Ex,1,2030,0.001
SKYROS,RooftopPV_Ex,1,2035,0.001
SKYROS,RooftopPV_Ex,1,2040,0.001
SKYROS,RooftopPV_Ex,1,2045,0.001
SKYROS,RooftopPV_Ex,1,2050,0.001
SERIFOS,RooftopPV_Ex,1,2023,0.001
SERIFOS,RooftopPV_Ex,1,2025,0.001
SERIFOS,RooftopPV_Ex,1,2030,0.001
SERIFOS,RooftopPV_Ex,1,2035,0.001
SERIFOS,RooftopPV_Ex,1,2040,0.001
SERIFOS,RooftopPV_Ex,1,2045,0.001
SERIFOS,RooftopPV_Ex,1,2050,0.001
EL65,RoR,1,2023,0.001
EL65,RoR,1,2025,0.001
EL65,RoR,1,2030,0.001
EL65,RoR,1,2035,0.001
EL65,RoR,1,2040,0.001
EL65,RoR,1,2045,0.001
EL65,RoR,1,2050,0.001
Crete,RoR,1,2023,0.001
Crete,RoR,1,2025,0.001
Crete,RoR,1,2030,0.001
Crete,RoR,1,2035,0.001
Crete,RoR,1,2040,0.001
Crete,RoR,1,2045,0.001
Crete,RoR,1,2050,0.001
EL65,RoR_Ex,1,2023,0.001
EL65,RoR_Ex,1,2025,0.001
EL65,RoR_Ex,1,2030,0.001
EL65,RoR_Ex,1,2035,0.001
EL65,RoR_Ex,1,2040,0.001
EL65,RoR_Ex,1,2045,0.001
EL65,RoR_Ex,1,2050,0.001
Crete,RoR_Ex,1,2023,0.001
Crete,RoR_Ex,1,2025,0.001
Crete,RoR_Ex,1,2030,0.001
Crete,RoR_Ex,1,2035,0.001
Crete,RoR_Ex,1,2040,0.001
Crete,RoR_Ex,1,2045,0.001
Crete,RoR_Ex,1,2050,0.001
SAMOS,Samos,1,2023,1.37
SAMOS,Samos,1,2025,1.37
SAMOS,Samos,1,2030,1.37
SAMOS,Samos,1,2035,1.37
SAMOS,Samos,1,2040,1.37
SAMOS,Samos,1,2045,1.37
SAMOS,Samos,1,2050,1.37
SERIFOS,Serifos,1,2023,1.37
SERIFOS,Serifos,1,2025,1.37
SERIFOS,Serifos,1,2030,1.37
SERIFOS,Serifos,1,2035,1.37
SERIFOS,Serifos,1,2040,1.37
SERIFOS,Serifos,1,2045,1.37
SERIFOS,Serifos,1,2050,1.37
SKYROS,Skyros,1,2023,1.37
SKYROS,Skyros,1,2025,1.37
SKYROS,Skyros,1,2030,1.37
SKYROS,Skyros,1,2035,1.37
SKYROS,Skyros,1,2040,1.37
SKYROS,Skyros,1,2045,1.37
SKYROS,Skyros,1,2050,1.37
EL63,Stratou_I,1,2023,0.09
EL63,Stratou_I,1,2025,0.09
EL63,Stratou_I,1,2030,0.09
EL63,Stratou_I,1,2035,0.09
EL63,Stratou_I,1,2040,0.09
EL63,Stratou_I,1,2045,0.09
EL63,Stratou_I,1,2050,0.09
THIRA,Thira,1,2023,1.66
THIRA,Thira,1,2025,1.66
THIRA,Thira,1,2030,1.66
THIRA,Thira,1,2035,1.66
THIRA,Thira,1,2040,1.66
THIRA,Thira,1,2045,1.66
THIRA,Thira,1,2050,1.66
EL64,THIS_Ag.Nikolaos,1,2023,0.69
EL64,THIS_Ag.Nikolaos,1,2025,0.69
EL64,THIS_Ag.Nikolaos,1,2030,0.69
EL64,THIS_Ag.Nikolaos,1,2035,0.69
EL64,THIS_Ag.Nikolaos,1,2040,0.69
EL64,THIS_Ag.Nikolaos,1,2045,0.69
EL64,THIS_Ag.Nikolaos,1,2050,0.69
EL51,Wind,1,2023,0.05
EL51,Wind,1,2025,0.05
EL51,Wind,1,2030,0.05
EL51,Wind,1,2035,0.05
EL51,Wind,1,2040,0.05
EL51,Wind,1,2045,0.05
EL51,Wind,1,2050,0.05
EL52,Wind,1,2023,0.05
EL52,Wind,1,2025,0.05
EL52,Wind,1,2030,0.05
EL52,Wind,1,2035,0.05
EL52,Wind,1,2040,0.05
EL52,Wind,1,2045,0.05
EL52,Wind,1,2050,0.05
EL53,Wind,1,2023,0.05
EL53,Wind,1,2025,0.05
EL53,Wind,1,2030,0.05
EL53,Wind,1,2035,0.05
EL53,Wind,1,2040,0.05
EL53,Wind,1,2045,0.05
EL53,Wind,1,2050,0.05
EL54,Wind,1,2023,0.05
EL54,Wind,1,2025,0.05
EL54,Wind,1,2030,0.05
EL54,Wind,1,2035,0.05
EL54,Wind,1,2040,0.05
EL54,Wind,1,2045,0.05
EL54,Wind,1,2050,0.05
EL61,Wind,1,2023,0.05
EL61,Wind,1,2025,0.05
EL61,Wind,1,2030,0.05
EL61,Wind,1,2035,0.05
EL61,Wind,1,2040,0.05
EL61,Wind,1,2045,0.05
EL61,Wind,1,2050,0.05
EL62,Wind,1,2023,0.05
EL62,Wind,1,2025,0.05
EL62,Wind,1,2030,0.05
EL62,Wind,1,2035,0.05
EL62,Wind,1,2040,0.05
EL62,Wind,1,2045,0.05
EL62,Wind,1,2050,0.05
EL63,Wind,1,2023,0.05
EL63,Wind,1,2025,0.05
EL63,Wind,1,2030,0.05
EL63,Wind,1,2035,0.05
EL63,Wind,1,2040,0.05
EL63,Wind,1,2045,0.05
EL63,Wind,1,2050,0.05
EL64,Wind,1,2023,0.05
EL64,Wind,1,2025,0.05
EL64,Wind,1,2030,0.05
EL64,Wind,1,2035,0.05
EL64,Wind,1,2040,0.05
EL64,Wind,1,2045,0.05
EL64,Wind,1,2050,0.05
EL30,Wind,1,2023,0.05
EL30,Wind,1,2025,0.05
EL30,Wind,1,2030,0.05
EL30,Wind,1,2035,0.05
EL30,Wind,1,2040,0.05
EL30,Wind,1,2045,0.05
EL30,Wind,1,2050,0.05
EL65,Wind,1,2023,0.05
EL65,Wind,1,2025,0.05
EL65,Wind,1,2030,0.05
EL65,Wind,1,2035,0.05
EL65,Wind,1,2040,0.05
EL65,Wind,1,2045,0.05
EL65,Wind,1,2050,0.05
Crete,Wind,1,2023,0.05
Crete,Wind,1,2025,0.05
Crete,Wind,1,2030,0.05
Crete,Wind,1,2035,0.05
Crete,Wind,1,2040,0.05
Crete,Wind,1,2045,0.05
Crete,Wind,1,2050,0.05
THIRA,Wind,1,2023,0.05
THIRA,Wind,1,2025,0.05
THIRA,Wind,1,2030,0.05
THIRA,Wind,1,2035,0.05
THIRA,Wind,1,2040,0.05
THIRA,Wind,1,2045,0.05
THIRA,Wind,1,2050,0.05
SAMOS,Wind,1,2023,0.05
SAMOS,Wind,1,2025,0.05
SAMOS,Wind,1,2030,0.05
SAMOS,Wind,1,2035,0.05
SAMOS,Wind,1,2040,0.05
SAMOS,Wind,1,2045,0.05
SAMOS,Wind,1,2050,0.05
CHIOS,Wind,1,2023,0.05
CHIOS,Wind,1,2025,0.05
CHIOS,Wind,1,2030,0.05
CHIOS,Wind,1,2035,0.05
CHIOS,Wind,1,2040,0.05
CHIOS,Wind,1,2045,0.05
CHIOS,Wind,1,2050,0.05
LESVOS,Wind,1,2023,0.05
LESVOS,Wind,1,2025,0.05
LESVOS,Wind,1,2030,0.05
LESVOS,Wind,1,2035,0.05
LESVOS,Wind,1,2040,0.05
LESVOS,Wind,1,2045,0.05
LESVOS,Wind,1,2050,0.05
LEMNOS,Wind,1,2023,0.05
LEMNOS,Wind,1,2025,0.05
LEMNOS,Wind,1,2030,0.05
LEMNOS,Wind,1,2035,0.05
LEMNOS,Wind,1,2040,0.05
LEMNOS,Wind,1,2045,0.05
LEMNOS,Wind,1,2050,0.05
KOS,Wind,1,2023,0.05
KOS,Wind,1,2025,0.05
KOS,Wind,1,2030,0.05
KOS,Wind,1,2035,0.05
KOS,Wind,1,2040,0.05
KOS,Wind,1,2045,0.05
KOS,Wind,1,2050,0.05
KARPATHOS,Wind,1,2023,0.05
KARPATHOS,Wind,1,2025,0.05
KARPATHOS,Wind,1,2030,0.05
KARPATHOS,Wind,1,2035,0.05
KARPATHOS,Wind,1,2040,0.05
KARPATHOS,Wind,1,2045,0.05
KARPATHOS,Wind,1,2050,0.05
RODOS,Wind,1,2023,0.05
RODOS,Wind,1,2025,0.05
RODOS,Wind,1,2030,0.05
RODOS,Wind,1,2035,0.05
RODOS,Wind,1,2040,0.05
RODOS,Wind,1,2045,0.05
RODOS,Wind,1,2050,0.05
SKYROS,Wind,1,2023,0.05
SKYROS,Wind,1,2025,0.05
SKYROS,Wind,1,2030,0.05
SKYROS,Wind,1,2035,0.05
SKYROS,Wind,1,2040,0.05
SKYROS,Wind,1,2045,0.05
SKYROS,Wind,1,2050,0.05
SERIFOS,Wind,1,2023,0.05
SERIFOS,Wind,1,2025,0.05
SERIFOS,Wind,1,2030,0.05
SERIFOS,Wind,1,2035,0.05
SERIFOS,Wind,1,2040,0.05
SERIFOS,Wind,1,2045,0.05
SERIFOS,Wind,1,2050,0.05
EL51,Wind_Ex,1,2023,0.05
EL51,Wind_Ex,1,2025,0.05
EL51,Wind_Ex,1,2030,0.05
EL51,Wind_Ex,1,2035,0.05
EL51,Wind_Ex,1,2040,0.05
EL51,Wind_Ex,1,2045,0.05
EL51,Wind_Ex,1,2050,0.05
EL52,Wind_Ex,1,2023,0.05
EL52,Wind_Ex,1,2025,0.05
EL52,Wind_Ex,1,2030,0.05
EL52,Wind_Ex,1,2035,0.05
EL52,Wind_Ex,1,2040,0.05
EL52,Wind_Ex,1,2045,0.05
EL52,Wind_Ex,1,2050,0.05
EL53,Wind_Ex,1,2023,0.05
EL53,Wind_Ex,1,2025,0.05
EL53,Wind_Ex,1,2030,0.05
EL53,Wind_Ex,1,2035,0.05
EL53,Wind_Ex,1,2040,0.05
EL53,Wind_Ex,1,2045,0.05
EL53,Wind_Ex,1,2050,0.05
EL54,Wind_Ex,1,2023,0.05
EL54,Wind_Ex,1,2025,0.05
EL54,Wind_Ex,1,2030,0.05
EL54,Wind_Ex,1,2035,0.05
EL54,Wind_Ex,1,2040,0.05
EL54,Wind_Ex,1,2045,0.05
EL54,Wind_Ex,1,2050,0.05
EL61,Wind_Ex,1,2023,0.05
EL61,Wind_Ex,1,2025,0.05
EL61,Wind_Ex,1,2030,0.05
EL61,Wind_Ex,1,2035,0.05
EL61,Wind_Ex,1,2040,0.05
EL61,Wind_Ex,1,2045,0.05
EL61,Wind_Ex,1,2050,0.05
EL62,Wind_Ex,1,2023,0.05
EL62,Wind_Ex,1,2025,0.05
EL62,Wind_Ex,1,2030,0.05
EL62,Wind_Ex,1,2035,0.05
EL62,Wind_Ex,1,2040,0.05
EL62,Wind_Ex,1,2045,0.05
EL62,Wind_Ex,1,2050,0.05
EL63,Wind_Ex,1,2023,0.05
EL63,Wind_Ex,1,2025,0.05
EL63,Wind_Ex,1,2030,0.05
EL63,Wind_Ex,1,2035,0.05
EL63,Wind_Ex,1,2040,0.05
EL63,Wind_Ex,1,2045,0.05
EL63,Wind_Ex,1,2050,0.05
EL64,Wind_Ex,1,2023,0.05
EL64,Wind_Ex,1,2025,0.05
EL64,Wind_Ex,1,2030,0.05
EL64,Wind_Ex,1,2035,0.05
EL64,Wind_Ex,1,2040,0.05
EL64,Wind_Ex,1,2045,0.05
EL64,Wind_Ex,1,2050,0.05
EL30,Wind_Ex,1,2023,0.05
EL30,Wind_Ex,1,2025,0.05
EL30,Wind_Ex,1,2030,0.05
EL30,Wind_Ex,1,2035,0.05
EL30,Wind_Ex,1,2040,0.05
EL30,Wind_Ex,1,2045,0.05
EL30,Wind_Ex,1,2050,0.05
EL65,Wind_Ex,1,2023,0.05
EL65,Wind_Ex,1,2025,0.05
EL65,Wind_Ex,1,2030,0.05
EL65,Wind_Ex,1,2035,0.05
EL65,Wind_Ex,1,2040,0.05
EL65,Wind_Ex,1,2045,0.05
EL65,Wind_Ex,1,2050,0.05
Crete,Wind_Ex,1,2023,0.05
Crete,Wind_Ex,1,2025,0.05
Crete,Wind_Ex,1,2030,0.05
Crete,Wind_Ex,1,2035,0.05
Crete,Wind_Ex,1,2040,0.05
Crete,Wind_Ex,1,2045,0.05
Crete,Wind_Ex,1,2050,0.05
THIRA,Wind_Ex,1,2023,0.05
THIRA,Wind_Ex,1,2025,0.05
THIRA,Wind_Ex,1,2030,0.05
THIRA,Wind_Ex,1,2035,0.05
THIRA,Wind_Ex,1,2040,0.05
THIRA,Wind_Ex,1,2045,0.05
THIRA,Wind_Ex,1,2050,0.05
SAMOS,Wind_Ex,1,2023,0.05
SAMOS,Wind_Ex,1,2025,0.05
SAMOS,Wind_Ex,1,2030,0.05
SAMOS,Wind_Ex,1,2035,0.05
SAMOS,Wind_Ex,1,2040,0.05
SAMOS,Wind_Ex,1,2045,0.05
SAMOS,Wind_Ex,1,2050,0.05
CHIOS,Wind_Ex,1,2023,0.05
CHIOS,Wind_Ex,1,2025,0.05
CHIOS,Wind_Ex,1,2030,0.05
CHIOS,Wind_Ex,1,2035,0.05
CHIOS,Wind_Ex,1,2040,0.05
CHIOS,Wind_Ex,1,2045,0.05
CHIOS,Wind_Ex,1,2050,0.05
LESVOS,Wind_Ex,1,2023,0.05
LESVOS,Wind_Ex,1,2025,0.05
LESVOS,Wind_Ex,1,2030,0.05
LESVOS,Wind_Ex,1,2035,0.05
LESVOS,Wind_Ex,1,2040,0.05
LESVOS,Wind_Ex,1,2045,0.05
LESVOS,Wind_Ex,1,2050,0.05
LEMNOS,Wind_Ex,1,2023,0.05
LEMNOS,Wind_Ex,1,2025,0.05
LEMNOS,Wind_Ex,1,2030,0.05
LEMNOS,Wind_Ex,1,2035,0.05
LEMNOS,Wind_Ex,1,2040,0.05
LEMNOS,Wind_Ex,1,2045,0.05
LEMNOS,Wind_Ex,1,2050,0.05
KOS,Wind_Ex,1,2023,0.05
KOS,Wind_Ex,1,2025,0.05
KOS,Wind_Ex,1,2030,0.05
KOS,Wind_Ex,1,2035,0.05
KOS,Wind_Ex,1,2040,0.05
KOS,Wind_Ex,1,2045,0.05
KOS,Wind_Ex,1,2050,0.05
KARPATHOS,Wind_Ex,1,2023,0.05
KARPATHOS,Wind_Ex,1,2025,0.05
KARPATHOS,Wind_Ex,1,2030,0.05
KARPATHOS,Wind_Ex,1,2035,0.05
KARPATHOS,Wind_Ex,1,2040,0.05
KARPATHOS,Wind_Ex,1,2045,0.05
KARPATHOS,Wind_Ex,1,2050,0.05
RODOS,Wind_Ex,1,2023,0.05
RODOS,Wind_Ex,1,2025,0.05
RODOS,Wind_Ex,1,2030,0.05
RODOS,Wind_Ex,1,2035,0.05
RODOS,Wind_Ex,1,2040,0.05
RODOS,Wind_Ex,1,2045,0.05
RODOS,Wind_Ex,1,2050,0.05
SKYROS,Wind_Ex,1,2023,0.05
SKYROS,Wind_Ex,1,2025,0.05
SKYROS,Wind_Ex,1,2030,0.05
SKYROS,Wind_Ex,1,2035,0.05
SKYROS,Wind_Ex,1,2040,0.05
SKYROS,Wind_Ex,1,2045,0.05
SKYROS,Wind_Ex,1,2050,0.05
SERIFOS,Wind_Ex,1,2023,0.05
SERIFOS,Wind_Ex,1,2025,0.05
SERIFOS,Wind_Ex,1,2030,0.05
SERIFOS,Wind_Ex,1,2035,0.05
SERIFOS,Wind_Ex,1,2040,0.05
SERIFOS,Wind_Ex,1,2045,0.05
SERIFOS,Wind_Ex,1,2050,0.05
Crete,Xilokamara,1,2023,1.66
Crete,Xilokamara,1,2025,1.66
Crete,Xilokamara,1,2030,1.66
Crete,Xilokamara,1,2035,1.66
Crete,Xilokamara,1,2040,1.66
Crete,Xilokamara,1,2045,1.66
Crete,Xilokamara,1,2050,1.66
